reliability,smoothed_reliability,latency,smoothed_latency,deriv,rolling_vol,mean_deriv,predicted_degradation_step,actual_degradation_step,lead_time,fast_J,robust_J
0.9997433423995972,0.9997433423995972,0.0015815000000001245,0.0015815000000001245,0.0,0.0,0.0,,,,0.0018381576004029565,0.00030446517962645636
0.9998694062232971,0.9997685551643372,2.5708000000124187e-05,0.0012703416000001246,2.5212764739990234e-05,1.2606382369995117e-05,0.0,,,,0.00015630177670300505,0.00019478514443971306
0.9998927116394043,0.9997933864593507,2.562500000014012e-05,0.0010213982800001279,2.4831295013516552e-05,2.0430599693419956e-05,0.0,,,,0.00013291336059584324,0.00016136524200449642
0.9998137950897217,0.9997974681854249,3.079200000000171e-05,0.0008232770240001028,4.081726074245395e-06,2.170672217616755e-05,0.0,,,,0.00021699691027832202,0.00018888235455327695
0.9996792674064636,0.9997738280296327,2.4875000000035286e-05,0.0006635966192000893,-2.364015579225942e-05,1.942933296655902e-05,0.0,,,,0.00034560759353641224,0.00021486032830808632
0.9994881749153137,0.9997166974067689,2.420899999999726e-05,0.0005357190953600709,-5.713062286372139e-05,2.8139382589338665e-05,-5.328998565645726e-06,,,,0.0005360340846862766,0.00015302714883413948
0.9996048808097839,0.999694334087372,2.5291000000038366e-05,0.0004336334762880644,-2.2363319396978554e-05,3.605089857346909e-05,-1.4844215393039483e-05,,,,0.0004204101902161028,0.00014075561523418934
0.9996170401573181,0.9996788753013612,2.633299999987848e-05,0.0003521733810304272,-1.54587860107247e-05,4.215758485123908e-05,-2.2902231597887734e-05,,,,0.00040929284268176325,0.00032713038616938306
0.9998224377632141,0.9997075877937319,2.379199999991144e-05,0.00028649710482432406,2.871249237068607e-05,4.152210407552336e-05,-1.79760783385996e-05,,,,0.0002013542367858001,0.000573473522369472
0.9995418190956116,0.9996744340541079,2.3957999999879576e-05,0.00023398928385943518,-3.315373962398116e-05,4.424086015520377e-05,-1.9878795104943946e-05,,,,0.0004821389043883073,0.00020567688732908707
0.9997502565383911,0.9996895985509646,2.345900000011447e-05,0.00019188322708757106,1.5164496856678866e-05,4.610787915552516e-05,-5.4197711608638954e-06,,,,0.0002732024616090012,0.00010906454885861727
0.9994183778762817,0.999635354416028,2.3874999999895508e-05,0.00015828158167003595,-5.424413493659852e-05,5.17850816669789e-05,-1.1795934268787889e-05,,,,0.0006054971237181572,0.00016374540347285915
0.999830424785614,0.9996743684899452,2.3917000000039934e-05,0.00013140866533603674,3.901407391715406e-05,4.602409506526069e-05,-9.013622832121371e-07,,,,0.00019349221438602626,0.00016428207778917958
0.9996552467346191,0.99967054413888,2.420799999991452e-05,0.00010996853226881229,-3.824351065162546e-06,3.466818800076104e-05,-7.4087309703818605e-06,,,,0.0003689612653807739,0.00021669795590217866
0.9998332858085632,0.9997030924728167,2.4124999999930452e-05,9.279982581503593e-05,3.254833393673273e-05,2.2099241981279056e-05,5.7316837417609175e-06,,,,0.00019083919143669803,0.00011668568820200065
0.9997913837432861,0.9997207507269106,3.0332999999993504e-05,8.030646065202746e-05,1.7658254093833037e-05,2.2714876311528627e-05,6.230435189191752e-06,,,,0.0002389492567138607,0.00018696442449939177
0.9994206428527832,0.9996607291520851,2.5875000000175064e-05,6.942016852165698e-05,-6.002157482543069e-05,2.3540500699732643e-05,5.074947211425318e-06,,,,0.0006052321472169719,0.00017251863516243304
0.9996781945228577,0.9996642222262397,2.495899999988005e-05,6.0527934817301596e-05,3.493074154592435e-06,2.410953117309542e-05,-2.0292527410870066e-06,,,,0.00034676447714221403,9.878213137803904e-05
0.9996957778930664,0.9996705333596051,2.441699999988778e-05,5.3305747853818835e-05,6.311133365355381e-06,2.2380744241634513e-05,-2.1558549834210792e-09,,,,0.00032863910693348153,0.00020280405044559302
0.9996610879898071,0.9996686442856455,2.35410000000158e-05,4.735279828305823e-05,-1.889073959593368e-06,2.2497733023072466e-05,-6.889637434248641e-06,,,,0.0003624530101928869,0.00036853438150030726
0.9998172521591187,0.9996983658603402,2.4124999999930452e-05,4.2707238626432676e-05,2.972157469471881e-05,2.3179507679339715e-05,-4.476973314071486e-06,,,,0.0002068728408812781,0.00023890709304796864
0.9997662305831909,0.9997119388049105,2.3915999999957194e-05,3.8948990901137585e-05,1.3572944570272583e-05,2.079601682200682e-05,1.0241930565069169e-05,,,,0.0002576854168090392,5.8895042602591374e-05
0.9998020529747009,0.9997299616388686,2.366700000000499e-05,3.589259272091107e-05,1.80228339581312e-05,2.4494747466584297e-05,1.3147882525776922e-05,,,,0.00022161402529907726,0.00025671027719109674
0.9998540878295898,0.9997547868770129,2.3540999999793755e-05,3.3422274176687606e-05,2.4825238144288164e-05,3.0215164814470368e-05,1.6850703481563478e-05,,,,0.00016945317040995,0.00027896720504760886
0.9998517036437988,0.9997741702303701,2.3625000000082608e-05,3.146281934136661e-05,1.9383353357160793e-05,3.789105436435981e-05,2.110518894491431e-05,,,,0.00017192135620125448,0.0001637104266967171
0.9997038245201111,0.9997601010883184,2.3709000000149416e-05,2.991205547312317e-05,-1.4069142051709171e-05,4.11803682212306e-05,1.2347045595628714e-05,,,,0.00031988447988906543,0.00017676986712644727
0.99989253282547,0.9997865874357487,2.3540999999793755e-05,2.8637844378457288e-05,2.6486347430298984e-05,4.356259982355975e-05,1.4929726167633995e-05,,,,0.00013100817452982305,0.000308590713500978
0.9997392296791077,0.9997771158844204,2.366700000000499e-05,2.764367550276683e-05,-9.471551328243955e-06,4.173431600805367e-05,9.430849110358962e-06,,,,0.000284437320892339,0.00014087529009998434
0.9993875622749329,0.9996992051625229,2.6082999999843537e-05,2.7331540402182174e-05,-7.79107218975561e-05,3.816108887765429e-05,-1.111634289800989e-05,,,,0.0006385207250669822,0.00022498130398562743
0.9997491836547852,0.9997092008609754,2.5500000000011624e-05,2.6965232321748065e-05,9.995698452502921e-06,3.251536446183946e-05,-1.2993873878941465e-05,,,,0.0002763163452148554,0.00014016512698367123
0.9995825886726379,0.9996838784233079,2.695899999993756e-05,2.6963985857385967e-05,-2.5322437667507636e-05,3.460041185641741e-05,-1.5244533002101156e-05,,,,0.0004443703273619981,9.19685972289308e-05
0.99985671043396,0.9997184448254384,2.3666000000144294e-05,2.6304388685937634e-05,3.456640213050921e-05,3.414942524563145e-05,-1.3628522062059113e-05,,,,0.00016695556604018336,0.00014891566085806218
0.9996436834335327,0.9997034925470573,2.3708000000066676e-05,2.5785110948763443e-05,-1.4952278381108464e-05,3.576190001641045e-05,-1.4724667472632014e-05,,,,0.00038002456646735183,0.00016282138024914516
0.9997234344482422,0.9997074809272943,2.470900000006715e-05,2.5569888759024185e-05,3.988380237074374e-06,3.618260778406776e-05,1.6551529542940812e-06,,,,0.00030127455175787965,0.0002944339941099994
0.9998241662979126,0.9997308180014179,2.4041999999946384e-05,2.5264311007208625e-05,2.3337074123608303e-05,3.335287253639765e-05,4.323428088515158e-06,,,,0.00019987570208734873,0.00030920436459336287
0.9998372793197632,0.999752110265087,2.379199999991144e-05,2.496984880574919e-05,2.1292263669092648e-05,3.265380183850594e-05,1.3646368355835215e-05,,,,0.00018651268023672785,0.0002651985321044936
0.9998384118080139,0.9997693705736724,2.3541999999876495e-05,2.4684279044574654e-05,1.72603085853984e-05,2.9785790596303197e-05,1.0185149646813052e-05,,,,0.00018513019198596048,0.0001309701045837386
0.9998202323913574,0.9997795429372095,2.383399999983382e-05,2.451422323562649e-05,1.01723635370643e-05,3.021534099451012e-05,1.5210078030447604e-05,,,,0.00020360160864241195,0.00021418977011089524
0.9997795224189758,0.9997795388335629,2.312500000001272e-05,2.4236378588503737e-05,-4.1036466447152975e-09,3.276656870205626e-05,1.4411581253703787e-05,,,,0.00024360258102418264,0.0003126616665038995
0.9996838569641113,0.9997604024596726,2.3709000000149416e-05,2.4130902870832874e-05,-1.9136373890282776e-05,3.2586963182992195e-05,5.916891650925571e-06,,,,0.0003398520358888213,0.00016505137997446795
0.9992433190345764,0.9996569857746533,2.3250000000141213e-05,2.3954722296694543e-05,-0.00010341668501923085,3.7693847914690595e-05,-1.9024898086739128e-05,,,,0.0007799309654237252,0.0004651605339049958
0.9993480443954468,0.9995951974988121,2.3375000000047663e-05,2.3838777837365167e-05,-6.17882758412458e-05,5.6711326590146446e-05,-3.4834614972067965e-05,,,,0.0006753306045532703,0.00010820013027967867
0.9993957877159119,0.9995553155422321,2.3209000000079527e-05,2.371282226990804e-05,-3.9881956580001265e-05,7.605920938124166e-05,-4.484547899548108e-05,,,,0.0006274212840882143,0.000227470024475096
0.9998623132705688,0.9996167150878994,2.312500000001272e-05,2.359525781592898e-05,6.139954566730665e-05,8.092071538765724e-05,-3.2564749132690805e-05,,,,0.00016081172943116506,0.0001970530509949331
0.9997910261154175,0.999651577293403,2.3875000000117552e-05,2.3651206252766694e-05,3.48622055036385e-05,8.135433706398051e-05,-2.176503325390655e-05,,,,0.00023284888458263708,0.00035254975527965193
0.9998369216918945,0.9996886461731014,2.345800000003173e-05,2.3612565002219703e-05,3.706887969834316e-05,7.882851296077876e-05,6.3320796896082495e-06,,,,0.00018653630810550048,8.462710952761299e-05
0.9999067187309265,0.9997322606846664,2.3541999999876495e-05,2.3598452001751064e-05,4.3614511564982195e-05,7.559182708941432e-05,2.7412637170853847e-05,,,,0.00011682326907336282,0.0001485584980163157
0.9998769164085388,0.9997611918294409,2.2833999999916088e-05,2.344556160138407e-05,2.893114477453551e-05,7.338274749773778e-05,4.1175257441761205e-05,,,,0.00014591759146109773,5.380548495481641e-05
0.9998141527175903,0.9997717840070708,2.3375000000047663e-05,2.343144928111679e-05,1.0592177629886734e-05,7.235829141720321e-05,3.101378383427722e-05,,,,0.00020922228240971563,0.00032767724627680295
0.9997054934501648,0.9997585258956896,2.3083000000090337e-05,2.33617594249115e-05,-1.3258111381198034e-05,7.214908697891247e-05,2.1389720457309914e-05,,,,0.0003175895498352954,0.00020225625973524508
0.9997087121009827,0.9997485631367483,2.358400000002092e-05,2.3406207539933385e-05,-9.962758941273187e-06,7.456784952165943e-05,1.1983392729386643e-05,,,,0.0003148718990173549,0.000239610767364562
0.9997936487197876,0.9997575802533563,2.3292000000063595e-05,2.3383366031959428e-05,9.017116607945574e-06,7.014497186945972e-05,5.06391373797932e-06,,,,0.00022964328021246594,8.57419931334924e-05
0.9997859597206116,0.9997632561468074,2.3583000000160226e-05,2.342329282559959e-05,5.675893451129177e-06,5.117972049832028e-05,4.1286347329805295e-07,,,,0.00023762327938858796,0.00028248990231327653
0.9995776414871216,0.9997261332148702,2.300000000010627e-05,2.3338634260500927e-05,-3.7122931937139114e-05,3.6427829685219185e-05,-9.130158440107116e-06,,,,0.00044535851287852424,0.0002719469034118127
0.9999175071716309,0.9997644080062225,2.3416999999970045e-05,2.3354307408394754e-05,3.827479135221079e-05,2.3848427110256402e-05,1.1764221065746483e-06,,,,0.00010590982836911067,8.47405281068081e-05
0.9996738433837891,0.9997462950817358,2.31669999999351e-05,2.3316845926702823e-05,-1.8112924486612947e-05,1.3868581096729417e-05,-4.5361100249330376e-07,,,,0.0003493236162108726,9.562934094242692e-05
0.999932587146759,0.9997835534947406,2.31669999999351e-05,2.328687674134928e-05,3.725841300472599e-05,1.4709503407261212e-05,5.194648276862779e-06,,,,9.05798532409019e-05,0.00012374057043462727
0.9993027448654175,0.999687391768876,2.3375000000047663e-05,2.330450139308896e-05,-9.616172586457417e-05,2.5716610776101284e-05,-1.517287558627789e-05,,,,0.0007206301345825672,0.0001590861247864339
0.9997680187225342,0.9997035171596077,2.3207999999996787e-05,2.3285201114470528e-05,1.6125390731702716e-05,2.817054030917606e-05,-4.523211052509523e-06,,,,0.0002551892774658171,0.00018056719226056117
0.9997634291648865,0.9997154995606635,2.3375000000047663e-05,2.3303160891585957e-05,1.1982401055821157e-05,2.88881704809881e-05,-9.78168911178745e-06,,,,0.00025994583511357305,0.00037218331127930604
0.999431312084198,0.9996586620653705,2.3333999999985977e-05,2.330932871326596e-05,-5.683749529306059e-05,3.743155357028344e-05,-1.752660327307698e-05,,,,0.0005920219158019879,0.00013190540676877305
0.9999557137489319,0.9997180724020828,2.2959000000044583e-05,2.3239262970621687e-05,5.9410336712306666e-05,3.645061925782375e-05,-1.3096218531560843e-05,,,,6.724525106815982e-05,0.00017544119281009962
0.9999486804008484,0.9997641940018359,2.304200000002865e-05,2.319981037650308e-05,4.6121599753146114e-05,3.6545692476552116e-05,1.536044659198321e-05,,,,7.436159915163998e-05,8.943748110956662e-05
0.9996426105499268,0.9997398773114541,2.3166000000074405e-05,2.3193048301217348e-05,-2.4316690381831485e-05,3.675365143444216e-05,7.272030369276372e-06,,,,0.0003805554500733166,0.00017693030892940165
0.9998015761375427,0.9997522170766718,2.3499999999954113e-05,2.3254438640964705e-05,1.2339765217750376e-05,3.571828265581629e-05,7.343503201662216e-06,,,,0.0002219238624572295,9.650024777219102e-05
0.9996583461761475,0.9997334428965671,2.31669999999351e-05,2.3236950912758785e-05,-1.8774180104763616e-05,3.522612541415688e-05,1.4956166239321612e-05,,,,0.00036482082385247416,0.000305909969512852
0.9996060729026794,0.9997079688977896,2.3499999999954113e-05,2.3289560730197853e-05,-2.5473998777503226e-05,2.965840568662359e-05,-2.0207008586403674e-06,,,,0.00041742709732051075,0.0003829659612732961
0.9998782873153687,0.9997420325813055,2.312500000001272e-05,2.3256648584160827e-05,3.4063683515883625e-05,2.8511639046415298e-05,-4.432284106092865e-06,,,,0.00014483768463136037,0.00023763486135863765
0.9998173713684082,0.9997571003387261,2.333300000012528e-05,2.3271918867353717e-05,1.5067757420661465e-05,2.926858794554731e-05,3.4446054544057247e-06,,,,0.00020596163159192216,0.0002738296241759919
0.9994860887527466,0.9997028980215303,2.3207999999996787e-05,2.325913509388233e-05,-5.420231719577284e-05,3.0078767974798124e-05,-9.863811028298919e-06,,,,0.0005371192472534148,0.000321203967865058
0.9996324777603149,0.9996888139692873,2.3083000000090337e-05,2.3223908075123933e-05,-1.4084052243013012e-05,2.3886227705944806e-05,-8.925785455948798e-06,,,,0.00039060523968514893,0.00026087225341786535
0.9995380640029907,0.9996586639760281,2.300000000010627e-05,2.31791264601204e-05,-3.0149993259231955e-05,3.2214546985535154e-05,-9.860984352294544e-06,,,,0.0004849359970093836,0.00014503101004015306
0.9995920062065125,0.999645332422125,2.3915999999957194e-05,2.3326501168087763e-05,-1.3331553903039861e-05,3.702616534957066e-05,-1.9340031836079242e-05,,,,0.000431909793487506,0.00031520729409795223
0.9998262524604797,0.9996815164297961,2.2957999999961842e-05,2.325280093446258e-05,3.618400767102514e-05,3.690299026522856e-05,-1.5116781786006506e-05,,,,0.00019670553952022551,0.00027481950778196484
0.9994579553604126,0.9996368042159195,2.312500000001272e-05,2.322724074757261e-05,-4.4712213876585416e-05,3.894720665560766e-05,-1.321876112216902e-05,,,,0.0005651696395874151,0.00010430845623776719
0.9996938109397888,0.9996482055606934,2.2957999999961842e-05,2.3173392598050457e-05,1.1401344773953603e-05,3.9028377894585144e-05,-8.121681718775698e-06,,,,0.0003291470602111435,0.0002325482332152795
0.9998364448547363,0.9996858534195021,2.333300000012528e-05,2.3205314078465423e-05,3.7647858808664836e-05,3.839520573883774e-05,5.4378886948036605e-06,,,,0.00018688814526379716,0.00041721523666371496
0.9997462630271912,0.99969793534104,2.300000000010627e-05,2.3164251262793595e-05,1.2081921537898666e-05,3.3819461075933966e-05,1.0520583782991367e-05,,,,0.00027673697280894416,0.0002162223512574002
0.9998359084129333,0.9997255299554187,2.3834000000055866e-05,2.3298201010246052e-05,2.7594614378734228e-05,2.7360790231050354e-05,8.802705124533183e-06,,,,0.00018792558706670626,0.0001340149646911204
0.9998921751976013,0.9997588590038553,2.333300000012528e-05,2.33051608082219e-05,3.332904843655893e-05,3.631221460293802e-05,2.4410957587162053e-05,,,,0.00013115780239880692,0.00020027772503650176
0.9995940923690796,0.9997259056769001,2.312500000001272e-05,2.3269128646580066e-05,-3.295332695518738e-05,3.856646795628437e-05,1.5540023241333856e-05,,,,0.0004290326309204229,0.00015543742752077705
0.9997894167900085,0.9997386078995218,2.2874999999977774e-05,2.3190302917259608e-05,1.270222262172993e-05,4.022599897904121e-05,1.0550896003946875e-05,,,,0.00023345820999143285,0.0002765844842833598
0.9996382594108582,0.9997185382017891,2.3250000000141213e-05,2.3202242333835933e-05,-2.0069697732716385e-05,3.7165004202547e-05,4.1205721498238645e-06,,,,0.0003849905891419869,0.00016295340347283194
0.999833345413208,0.999741499644073,2.3209000000079527e-05,2.3203593867084653e-05,2.296144228386421e-05,3.823629953354328e-05,3.1939377308498607e-06,,,,0.00018986358679207171,0.00021752786273188107
0.9997682571411133,0.999746851143481,2.304099999994591e-05,2.3171075093656908e-05,5.3514994080572365e-06,3.1463391556343006e-05,-2.4015720748504775e-06,,,,0.00025478385888666466,6.04756469726464e-05
0.999148964881897,0.9996272738911642,2.2999999999884224e-05,2.3136860074902374e-05,-0.00011957725231681593,3.639806838550384e-05,-1.9726357147176186e-05,,,,0.0008740351181029116,0.000261158462707467
0.9993069767951965,0.9995632144719708,2.3749999999989058e-05,2.325948805991971e-05,-6.405941919340741e-05,5.860621275998875e-05,-3.5078685510203654e-05,,,,0.0007167732048034559,0.0001690738447264195
0.9997855424880981,0.9996076800751963,2.3749999999989058e-05,2.335759044793358e-05,4.446560322546311e-05,6.545923738632681e-05,-2.2171625318567755e-05,,,,0.00023820751190184453,0.00016872926330568916
0.9998760223388672,0.9996613485279304,2.3083000000090337e-05,2.3302672358364935e-05,5.3668452734134675e-05,6.533633494734333e-05,-1.6030223228513664e-05,,,,0.00014706066113290284,0.0003420711517334585
0.9998374581336975,0.9996965704490839,2.429199999998133e-05,2.3500537886688215e-05,3.522192115346101e-05,6.121654399071671e-05,-1.0056138879432907e-05,,,,0.00018683386630247156,0.00018528584307864193
0.9995647668838501,0.9996702097360373,2.420799999991452e-05,2.3642030309333478e-05,-2.6360713046624795e-05,5.954761369531912e-05,8.587168974605319e-06,,,,0.00045944111614981686,0.0001743610534667983
0.9995700120925903,0.9996501702073479,2.3749999999989058e-05,2.3663624247464596e-05,-2.003952868934178e-05,5.6243308112577644e-05,1.7391147075418444e-05,,,,0.000453737907409657,0.0001458104286193862
0.9998288750648499,0.9996859111788483,2.3499999999954113e-05,2.36308993979625e-05,3.5740971500386465e-05,5.414355624508263e-05,1.5646220730403115e-05,,,,0.0001946249351501006,0.00014686014938347647
0.9995908737182617,0.9996669036867311,2.3917000000039934e-05,2.368811951837799e-05,-1.9007492117251168e-05,4.7875986219239796e-05,1.1110317601259466e-06,,,,0.0004330432817383212,0.00013382410430895497
0.9997401833534241,0.9996815596200698,2.416700000007488e-05,2.378389561471737e-05,1.4655933338714178e-05,3.8864946417276064e-05,-3.00216580282342e-06,,,,0.0002839836465760026,0.00028432583236703834
0.9998518824577332,0.9997156241876024,2.3415999999887305e-05,2.371031649175136e-05,3.406456753263232e-05,4.233526314407988e-05,9.082890313028002e-06,,,,0.000171533542266733,0.0001384020805359487
0.9997605681419373,0.9997246129784695,2.366599999992225e-05,2.3701453193385538e-05,8.988790867081597e-06,3.186106286469422e-05,1.4888554224312677e-05,,,,0.0002630978580626664,0.00019455544662472235
0.9994561672210693,0.9996709238269895,2.366599999992225e-05,2.3694362554692882e-05,-5.3689151479963115e-05,2.2587564081545497e-05,-2.997470371757238e-06,,,,0.0005674987789305863,0.00041773284130863786
0.9998676180839539,0.9997102626783825,2.3499999999954113e-05,2.3655490043745132e-05,3.933885139295601e-05,2.2798038327130885e-05,8.671798330284198e-06,,,,0.0001558819160460967,0.00019425163269048973
0.9995675683021545,0.999681723803137,2.3499999999954113e-05,2.362439203498693e-05,-2.8538875245454065e-05,2.2627128258307307e-05,3.283661345054867e-08,,,,0.0004559316978454131,0.0003407002449036245
0.999449610710144,0.9996353011845385,2.358299999993818e-05,2.3616113627977184e-05,-4.642261859855168e-05,2.7026649417666e-05,-1.6064600612786252e-05,,,,0.0005739722898558952,0.00031354392224125505
0.9995507001876831,0.9996183809851674,2.3375000000047663e-05,2.356789090239128e-05,-1.6920199371051048e-05,3.202595344070577e-05,-2.124639866041278e-05,,,,0.0004726748123169422,0.00012782866305527385
0.9998214244842529,0.9996589896849846,2.358400000002092e-05,2.357111272191721e-05,4.060869981714621e-05,3.247040493119367e-05,-2.3868284009909145e-06,,,,0.00020215951574709123,0.00019803012066654802
0.9997684955596924,0.9996808908599262,2.8042000000061407e-05,2.446529017754605e-05,2.1901174941607593e-05,3.2330952760155164e-05,-5.874363691260598e-06,,,,0.0002595464403076786,0.00015605447424316132
0.999673068523407,0.9996793263926225,2.5291999999899062e-05,2.4630632142016656e-05,-1.564467303705186e-06,3.231210604985673e-05,-4.79482102910822e-07,,,,0.00035222347659291664,0.00032932564163212774
0.9993610978126526,0.9996156806766285,2.48339999999736e-05,2.4671305713608045e-05,-6.364571599393187e-05,3.439585210785823e-05,-3.924101581986861e-06,,,,0.0006637361873473857,0.00014804352151509548
0.9997908473014832,0.9996507140015995,2.4000000000024002e-05,2.453704457089124e-05,3.503332497101219e-05,2.884557737347907e-05,6.466603286425787e-06,,,,0.0002331526985168697,0.0001257410354613686
0.9997474551200867,0.9996700622252971,2.4457999999949465e-05,2.4521235656702886e-05,1.9348223697535083e-05,2.8814745484204758e-05,2.214508062503562e-06,,,,0.00027700287991327954,0.00027058032226556783
0.9998155832290649,0.9996991664260507,2.4249999999836902e-05,2.4466988525329693e-05,2.9104200753637954e-05,2.70207552025152e-05,3.6551132249096343e-06,,,,0.0002086667709348955,0.0004186208877563491
0.999741792678833,0.9997076916766072,2.3625000000082608e-05,2.4298590820280276e-05,8.52525055650144e-06,3.014475125765985e-05,5.673056796950959e-06,,,,0.0002818323211670748,0.0002608768116150184
0.9997972249984741,0.9997255983409807,2.3874999999895508e-05,2.4213872656203325e-05,1.7906664373512626e-05,3.4164567052707436e-05,2.198353287043986e-05,,,,0.00022665000152577441,0.0003601122894285602
0.9998514652252197,0.9997507717178287,2.3749999999989058e-05,2.4121098124960473e-05,2.5173376847931195e-05,3.688746662773357e-05,2.001154324582366e-05,,,,0.0001722847747802625,0.00023394130288689752
0.9998806118965149,0.999776739753566,2.4000000000024002e-05,2.409687849997318e-05,2.596803573728934e-05,4.496841498991177e-05,2.1335505653774513e-05,,,,0.00014338810348513142,0.0001151384319151294
0.9985947012901306,0.999540332060879,2.3958999999962316e-05,2.4069302799971006e-05,-0.00023640769268695738,6.492744391550159e-05,-3.176687303434456e-05,,,,0.001429257709869347,0.00010122036361703834
0.999555230140686,0.9995433116768405,2.366700000000499e-05,2.3988842239977805e-05,2.9796159615180784e-06,7.708857614455533e-05,-3.2875999953341226e-05,,,,0.00046843685931396983,0.00018921319198605957
0.9995299577713013,0.9995406408957327,2.3957999999879576e-05,2.3982673791958163e-05,-2.67078110782748e-06,8.505730279029492e-05,-3.699148904960925e-05,,,,0.00049400022869861,9.250048083475626e-05
0.9998048543930054,0.9995934835951873,2.3500000000176158e-05,2.3886139033601765e-05,5.284269945460274e-05,8.741606131168227e-05,-3.145762452827494e-05,,,,0.00021864560699480506,6.940429724133779e-05
0.9996271133422852,0.9996002095446069,2.3292000000063595e-05,2.376731122689413e-05,6.725949419639221e-06,8.86972961582983e-05,-3.5306041791804965e-05,,,,0.00039617865771490735,0.00020066553897102324
0.9996950030326843,0.9996191682422225,2.3207999999996787e-05,2.3655448981514663e-05,1.895869761558977e-05,8.729978887532049e-05,1.5767236268704464e-05,,,,0.0003282049673156706,7.85648078918122e-05
0.999686062335968,0.9996325470609717,2.3834000000055866e-05,2.3691159185222906e-05,1.3378818749187893e-05,8.431512110606275e-05,1.784707682623843e-05,,,,0.0003377716640320383,0.00023302383786028003
0.9996641278266907,0.9996388632141155,2.3207999999996787e-05,2.3594527348177683e-05,6.3161531438371554e-06,7.853226999465078e-05,1.9644463676571355e-05,,,,0.00035908017330932296,0.0001662912635802538
0.9992279410362244,0.9995566787785374,2.341700000019209e-05,2.3559021878580567e-05,-8.218443557816979e-05,6.798117525216163e-05,-7.36096332998315e-06,,,,0.0007954759637758269,0.0002561096725464118
0.9996879696846008,0.9995829369597502,2.3209000000079527e-05,2.3489017502880362e-05,2.625818121282375e-05,3.62486193252255e-05,-3.454516971346244e-06,,,,0.00033523931539924945,0.00018532274990845643
0.9995648860931396,0.9995793267864281,2.300000000010627e-05,2.3391214002325545e-05,-3.610173322066146e-06,3.322466249852677e-05,-7.968291158877428e-06,,,,0.00045811390686045783,0.00027965350723246907
0.999331533908844,0.9995297682109114,2.3375000000047663e-05,2.338797120186997e-05,-4.955857551669496e-05,3.5261518695186195e-05,-2.0555770012054e-05,,,,0.0006918410911560535,0.00010668082809450752
0.999405562877655,0.9995049271442602,2.304200000002865e-05,2.3318776961501707e-05,-2.4841066651237753e-05,4.113255055068475e-05,-2.6787213971068978e-05,,,,0.0006174791223449994,0.00019672584170526974
0.9997361302375793,0.9995511677629241,2.370799999984463e-05,2.3396621569170294e-05,4.624061866387308e-05,4.208340463812493e-05,-1.1022031226604057e-06,,,,0.00028757776242049893,0.00010533887481689597
0.9999287128448486,0.999626676779309,2.3499999999954113e-05,2.341729725532706e-05,7.550901638497809e-05,4.408366878080333e-05,8.747963911770463e-06,,,,9.47871551513213e-05,0.00024527197610479945
0.9997042417526245,0.9996421897739722,2.4000000000024002e-05,2.3533837804266446e-05,1.5512994663180457e-05,4.648929006099831e-05,1.2572597508819783e-05,,,,0.0003197582473755123,0.00015237852096561255
0.9999209046363831,0.9996979327464545,2.345800000003173e-05,2.3518670243419505e-05,5.5742972482231146e-05,5.634039539301092e-05,3.3632907108605006e-05,,,,0.00010255336361697509,6.430748385621854e-05
0.9996523857116699,0.9996888233394976,2.4124999999930452e-05,2.3639936194721696e-05,-9.109406956864241e-06,6.22628627429445e-05,3.677923904747971e-05,,,,0.0003717392883300086,0.00044756534976198026
0.9993142485618591,0.9996139083839699,2.3625000000082608e-05,2.3636948955793877e-05,-7.4914955527694e-05,6.099898988695206e-05,1.2548124209166289e-05,,,,0.0007093764381409517,9.590952700788691e-05
0.9995027780532837,0.9995916823178328,2.3792000000133484e-05,2.36679591646618e-05,-2.2226066137109868e-05,6.078508955966061e-05,-6.9988922952513025e-06,,,,0.0005210139467164421,0.00024716172009275894
0.999424159526825,0.9995581777596313,2.4041999999946384e-05,2.3742767331718718e-05,-3.3504558201502554e-05,6.191683261759933e-05,-1.6802402868187906e-05,,,,0.0005998824731749952,0.00014439752178962983
0.9995644688606262,0.9995594359798303,2.3957999999879576e-05,2.378581386535089e-05,1.2582201990296582e-06,5.910218549835463e-05,-2.7699353324828203e-05,,,,0.00045948913937365887,0.00011797482699593687
0.999957263469696,0.9996390014778036,2.3874999999895508e-05,2.3803651092259814e-05,7.956549797327739e-05,4.967789200716878e-05,-9.964372338799876e-06,,,,6.661153030385059e-05,0.00011084010678086287
0.99991774559021,0.9996947503002849,2.3625000000082608e-05,2.3767920873824377e-05,5.574882248127189e-05,4.935319943454708e-05,1.61683832629933e-05,,,,0.00010587940979012167,0.0001733301698609857
0.9995912313461304,0.999674046509454,2.3708000000066676e-05,2.3755936699072838e-05,-2.070379083085605e-05,5.093414727158166e-05,1.6472838324244066e-05,,,,0.0004324766538696956,4.9668369110023036e-05
0.9997552037239075,0.9996902779523448,2.3874999999895508e-05,2.3779749359237375e-05,1.6231442890757286e-05,5.3497573362425287e-05,2.6420038542696034e-05,,,,0.0002686712760924248,0.00016158226412965604
0.9999151229858398,0.9997352469590438,2.345800000003173e-05,2.371539948739625e-05,4.496900669903603e-05,5.842642508202354e-05,3.516219584269731e-05,,,,0.00010833501416018798,0.00015520479965203116
0.9998198747634888,0.9997521725199329,2.358299999993818e-05,2.368891958990464e-05,1.692556088905839e-05,6.584795052373716e-05,2.2634208425853508e-05,,,,0.00020370823651116865,0.0001765606346131321
0.9998050928115845,0.9997627565782632,2.5458000000089243e-05,2.4042735671941562e-05,1.0584058330320723e-05,7.231624157563527e-05,1.3601255595663276e-05,,,,0.00022036518841561659,0.0001873242149352805
0.99956876039505,0.9997239573416206,2.3625000000082608e-05,2.395918853756977e-05,-3.879923664262819e-05,6.960424816410978e-05,9.982166433308848e-06,,,,0.0004548646049500338,0.0001517173116760695
0.999512255191803,0.999681616911657,2.324999999991917e-05,2.381735083003965e-05,-4.234042996353882e-05,5.686561884596732e-05,-1.7322081375503729e-06,,,,0.0005109948081969407,0.00012192680322264948
0.9998766779899597,0.9997206291273176,2.2833000000055392e-05,2.3620480664042803e-05,3.901221566060542e-05,3.6334938099008e-05,-2.9235663452364946e-06,,,,0.0001461550100403386,6.188732128897811e-05
0.9997970461845398,0.9997359125387622,2.3624999999860563e-05,2.3621384531206355e-05,1.5283411444522166e-05,2.8963557928339166e-05,-3.251996234143739e-06,,,,0.00022657881546006564,0.00019415681875623036
0.9996557831764221,0.9997198866662942,2.354200000009854e-05,2.3605507624984794e-05,-1.6025872467961833e-05,2.7985899887628116e-05,-8.573982393800251e-06,,,,0.0003677588235779794,0.00035589363861099343
0.9994643926620483,0.9996687878654451,2.3500000000176158e-05,2.358440610002307e-05,-5.1098800849080916e-05,2.8873209448062324e-05,-1.1033895235090795e-05,,,,0.0005591073379518363,0.00034589743042001686
0.9997612833976746,0.9996872869718911,2.312500000001272e-05,2.3492524880021003e-05,1.8499106446023816e-05,2.9184297496682732e-05,1.1340120468217307e-06,,,,0.00026184160232545217,0.0001552234042969669
0.9997844696044922,0.9997067234984114,2.3292000000063595e-05,2.345241990402952e-05,1.9436526520255626e-05,2.8831682015785717e-05,-2.7811257812482283e-06,,,,0.0002388223955078761,0.00011646757125860496
0.9468448758125305,0.9891343539612352,2.3624999999860563e-05,2.348693592319573e-05,-0.010572369537176218,0.0031733870971291035,-0.0021203117155053964,,,,0.05317874918746934,0.04355660128820804
0.9333465695381165,0.9779767970766114,2.3416999999970045e-05,2.3472948738550597e-05,-0.01115755688462372,0.006925075896541354,-0.004348617917936548,,,,0.06667684746188351,0.015501887317840524
0.9108757376670837,0.964556585194706,2.3834000000055866e-05,2.3545158990851652e-05,-0.013420211881905453,0.011679741855815667,-0.007022440534147823,,,,0.08914809633291632,0.017250567386261073
0.8898766040802002,0.9496205889718049,2.3583000000160226e-05,2.3552727192713368e-05,-0.014935996222901093,0.017165555975389876,-0.010013339600017246,,,,0.11014697891979996,0.02471028007525633
0.9095681309700012,0.9416100973714443,2.2959000000044583e-05,2.343398175417961e-05,-0.008010491600360603,0.021489622625143246,-0.011619325225393417,154,,,0.09045482802999882,0.06592844189071667
0.9243026971817017,0.9381486173334959,2.3415999999887305e-05,2.3430385403321152e-05,-0.003461480037948439,0.024216883713782878,-0.010197147325547861,154,,,0.07572071881829823,0.08839049906503305
0.9486983418464661,0.94025856223609,2.324999999991917e-05,2.3394308322640758e-05,0.0021099449025940853,0.02494754908058343,-0.007543646968104301,154,,,0.051324908153533855,0.019668943848022646
0.8824190497398376,0.9286906597368395,2.35410000000158e-05,2.342364665811577e-05,-0.011567902499250438,0.025595833408780497,-0.007173185091573298,154,,,0.11760449126016237,0.02354382899093621
0.9498019814491272,0.932912924079297,2.395800000010162e-05,2.3530517326512943e-05,0.004222264342457538,0.0237838550323322,-0.0033415329785015714,154,,,0.050221976550872904,0.014950764167602548
0.9015772342681885,0.9266457861170754,2.566599999997976e-05,2.3957613861206307e-05,-0.006267137962221669,0.020279408024036123,-0.0029928622508737846,154,,,0.0984484317318115,0.028691405090515154
0.9430311918258667,0.9299228672588337,2.3499999999954113e-05,2.386609108895587e-05,0.003277081141758287,0.015842488299098935,-0.0016451500149324394,154,,,0.056992308174133255,0.03259131260281389
0.9824563264846802,0.940429559104003,2.2959000000044583e-05,2.3684672871173614e-05,0.010506691845169391,0.010745580790385881,3.419937358262182e-05,154,,,0.01756663251531987,0.04998222041357425
0.9214917421340942,0.9366419957100214,2.958399999997141e-05,2.4864538296933173e-05,-0.0037875633939816744,0.006669220282074284,0.0015902671946363745,154,,,0.07853784186590573,0.025676327762420792
0.9389936327934265,0.9371123231267025,2.3207999999996787e-05,2.4533230637545897e-05,0.00047032741668107114,0.005070190864902236,0.0008398798094810811,154,,,0.06102957520657348,0.022937629451385666
0.910772979259491,0.9318444543532602,2.3292000000063595e-05,2.4284984510049436e-05,-0.005267868773442208,0.004673662340447716,0.0010397336472369734,154,,,0.0892503127405091,0.0245806341821595
0.8644961714744568,0.9183747977774996,2.3250000000141213e-05,2.4077987608067795e-05,-0.013469656575760602,0.006454298980607842,-0.0023096138962668046,154,,,0.13552707852554335,0.02045762548446639
0.9284857511520386,0.9203969884524075,2.175000000015359e-05,2.3612390086484954e-05,0.002022190674907831,0.006743996061174585,-0.004006514130319117,154,,,0.046127336338409375,0.07153599884796158
0.9672096371650696,0.92975951819494,3.1832999999981126e-05,2.525651206918419e-05,0.009362529742532488,0.00672613289309226,-0.001376495503016284,154,,,0.04109559855270395,0.0328221958349304
0.9939714074134827,0.9426018960386485,2.2417000000052312e-05,2.4688609655357818e-05,0.012842377843708563,0.007651879730542171,0.0010979145823892145,154,,,0.05596655540066542,0.006051009586517386
0.9427083134651184,0.9426231795239426,2.1749999999931546e-05,2.4100887724272567e-05,2.1283485294065763e-05,0.008149873112753213,0.0021557450341364694,154,,,0.04337970914459244,0.05731343653488152
0.9731488227844238,0.9487283081760388,2.1916999999982423e-05,2.366411017941454e-05,0.006105128652096226,0.009315849977539077,0.006070702079707835,154,,,0.11270603871536244,0.026873094215576154
0.9707919359207153,0.9531410337249742,2.195800000004411e-05,2.3322888143540457e-05,0.004412725548935348,0.010747510327635634,0.006548809054513338,154,,,0.018571434570495482,0.029230022079284712
0.983164370059967,0.9591457009919728,2.1665999999864738e-05,2.2991510514805313e-05,0.0060046672669986645,0.012783772087806938,0.005877236559406573,154,,,0.022485838825409,0.016857295940032824
0.9969719052314758,0.9667109418398735,2.1957999999822064e-05,2.2784808411808663e-05,0.007565240847900667,0.015323513826363986,0.004821809160244994,154,,,0.030567918819793594,0.003050052768523992
0.9824411273002625,0.9698569789319513,2.2125000000094985e-05,2.2652846729465926e-05,0.0031460370920778358,0.0171091046405479,0.005446759881601748,154,,,0.03249479338073713,0.017580997699737644
0.9600909352302551,0.9679037701916121,2.1416000000051838e-05,2.240547738358311e-05,-0.0019532087403392184,0.01576171544538372,0.0038350924031146593,154,,,0.06235872959899913,0.039930480769744925
0.9513660669326782,0.9645962295398254,2.5707999999902142e-05,2.3065981906846918e-05,-0.0033075406517867334,0.012720044372576088,0.002291039162970243,154,,,0.10056126869183335,0.04865964106732168
0.9405089616775513,0.9597787759673706,2.3290999999980855e-05,2.3110985525473706e-05,-0.004817453572454777,0.009712096258412654,0.00012661499507955477,154,,,0.06524191915093991,0.05951432932244871
0.9629226326942444,0.9604075473127454,2.2999999999884224e-05,2.3088788420355813e-05,0.0006287713453747568,0.008353054447742913,-0.0012606789054256274,154,,,0.07111994128836052,0.0371003673057555
0.9651319980621338,0.9613524374626231,2.274999999984928e-05,2.3021030736254506e-05,0.0009448901498777529,0.006238234043203746,-0.001700908293865644,154,,,0.04314827465783688,0.03489075193786606
0.9854322075843811,0.9661683914869748,2.2125000000094985e-05,2.2841824589022603e-05,0.004815954024351643,0.004787496618387544,-0.00034707574092747163,154,,,0.08759181805783078,0.014589917415618991
0.9498994946479797,0.9629146121191758,2.195800000004411e-05,2.2665059671226907e-05,-0.0032537793677989146,0.0035254918807658938,-0.00033632348412990785,154,,,0.054263380699157704,0.05012246335202031
0.9697583317756653,0.9642833560504738,2.2417000000052312e-05,2.2615447736991992e-05,0.0013687439312979333,0.003152207623512158,0.0009009160166206342,154,,,0.05849742026864613,0.03026408522433477
0.9859281778335571,0.9686123204070904,2.199999999996649e-05,2.2492358189586892e-05,0.004328964356616671,0.0033379042509693855,0.0016409546188690173,154,,,0.12523686000042744,0.014093822166442838
0.9913471341133118,0.9731592831483348,2.416700000007488e-05,2.282728655168449e-05,0.004546962741244331,0.003950113518848223,0.002361369137142333,154,,,0.02080398268127448,0.008677032886688307
0.9908468723297119,0.9766968009846103,2.3625000000082608e-05,2.2986829241364113e-05,0.003537517836275539,0.005273834656194021,0.002105681899527112,154,,,0.00703791527175901,0.009176752670288169
0.9675897359848022,0.9748753879846488,2.3250000000141213e-05,2.303946339311953e-05,-0.0018214129999615247,0.0059037529879436106,0.00239215517309459,154,,,0.015348854171753024,0.032433514015197895
0.9824000597000122,0.9763803223277215,2.300000000010627e-05,2.303157071451688e-05,0.0015049343430727502,0.006021962972055344,0.0024193932554495536,154,,,0.045947900032226485,0.0176229402999879
0.9817731380462646,0.9774588854714302,2.2833000000055392e-05,2.2991856571624588e-05,0.0010785631437086884,0.005906347258032367,0.001769313012867957,154,,,0.11380542855108655,0.018249694953735407
0.9405226111412048,0.9700716306053851,2.345900000011447e-05,2.3085285257322568e-05,-0.007387254866045079,0.005129866583834692,-0.0006175305085899252,154,,,0.052222344406311016,0.05950084785879528
0.9604389071464539,0.9681450859135989,2.2791999999993706e-05,2.30266282058568e-05,-0.001926544691786214,0.004973179782447054,-0.0017103430142022757,154,,,0.0440736616283568,0.039583884853546136
0.974814772605896,0.9694790232520584,3.8999999999900226e-05,2.6221302564665486e-05,0.0013339373384594344,0.004201731080573043,-0.001079272946518084,154,,,0.03543036290341184,0.025224227394103904
0.9738130569458008,0.9703458299908069,2.575000000004657e-05,2.6127042051741703e-05,0.0008668067387485046,0.003421632948447697,-0.001206898467382933,154,,,0.0804027708282471,0.026212693054199265
0.9819377660751343,0.9726642172076724,2.2667000000087256e-05,2.5435033641410817e-05,0.002318387216865503,0.0031648832724541906,-0.0009589336527515702,154,,,0.05360735144406137,0.01808490092486581
0.9726909399032593,0.9726695617467898,2.2125000000094985e-05,2.4773026913147653e-05,5.344539117380087e-06,0.003164709006610675,0.0005195862282809216,154,,,0.03997417460250863,0.027331185096740818
0.9234176278114319,0.9628191749597182,2.1833999999998355e-05,2.4185221530517796e-05,-0.009850386787071508,0.00409280372178237,-0.001065182190776137,154,,,0.06982852026367192,0.07660420618856811
0.9823436737060547,0.9667240747089856,2.1499999999896602e-05,2.364817722439356e-05,0.003904899749267332,0.004148904571405309,-0.0005509897086145576,154,,,0.011475422703155491,0.01767782629394521
0.9796261787414551,0.9693044955154795,2.20840000000333e-05,2.333534177952151e-05,0.0025804208064938994,0.003694130285181254,-0.00020826689506547869,154,,,0.05963686898440557,0.020395905258544955
0.981002688407898,0.9716441340939632,2.854099999982651e-05,2.437647342358251e-05,0.002339638578483738,0.0028245922634381193,-0.00020401662274183163,154,,,0.009839721622650233,0.019025852592101877
0.9949266314506531,0.9763006335653013,2.2290999999841077e-05,2.3959378738834225e-05,0.00465649947133806,0.003510501817900911,0.0007262143637023044,154,,,0.05467925944537355,0.005095659549346765
0.9813107252120972,0.9773026518946605,2.2332999999985503e-05,2.3634102991064483e-05,0.0010020183293592,0.004056622965336381,0.002896695386988446,154,,,0.0864099291380005,0.018711607787902818
0.9496889710426331,0.971779915724255,2.208299999995056e-05,2.33238823928417e-05,-0.00552273617040544,0.004033246497352258,0.0010111682030538916,154,,,0.043461563461486774,0.050333111957366894
0.9754197001457214,0.9725078726085484,2.2332999999985503e-05,2.3125705914270465e-05,0.0007279568842933903,0.00404198974154193,0.0006406754186137897,154,,,0.0367888777578429,0.02460263285427855
0.9805830717086792,0.9741229124285746,2.2457999999891953e-05,2.2992164731394764e-05,0.0016150398200261984,0.004111723225196819,0.0004957556669222818,154,,,0.039223602264404356,0.019439386291320693
0.9384388327598572,0.9669860964948311,2.2332999999985503e-05,2.2860331785112914e-05,-0.00713681593374349,0.004301620138800269,-0.0018629074140940282,154,,,0.07199674538021839,0.06158350024014281
0.9716688394546509,0.9679226450867952,2.2416000000191616e-05,2.2771465428128657e-05,0.0009365485919640149,0.0035425638135499118,-0.0018760013615730653,154,,,0.03410715113830576,0.028353576545349313
0.9553112387657166,0.9654003638225794,2.237500000012993e-05,2.2692172342528915e-05,-0.00252228126421572,0.0037364602983326408,-0.0012759103803351214,154,,,0.035796876189819304,0.04471113623428358
0.9266647100448608,0.9576532330670358,2.316599999985236e-05,2.2786937873993604e-05,-0.007747130755543674,0.005558071181670368,-0.0029709279083025343,154,,,0.05592158431243899,0.07335845595513901
0.987500011920929,0.9636225888378145,2.3624999999860563e-05,2.2954550299166997e-05,0.005969355770778728,0.005857089265894252,-0.0021000647181520283,154,,,0.03530321847534168,0.012523613079070905
0.9771292805671692,0.9663239271836855,2.2874999999977774e-05,2.2938640239329153e-05,0.0027013383458710516,0.005423510446607156,-0.00013243386222911991,154,,,0.09555377006512455,0.02289359443283079
0.9894332885742188,0.9709457994617923,2.2750000000071324e-05,2.290091219147759e-05,0.004621872278106731,0.004656686244748767,0.0006046308749994234,154,,,0.05196185473651127,0.010589461425781321
0.9242275357246399,0.9616021467143618,2.3083000000090337e-05,2.2937329753200142e-05,-0.009343652747430431,0.004770396375516834,-0.0007596434216435189,154,,,0.059360364269256616,0.0757955472753602
0.9492474794387817,0.9591312132592459,2.229100000006312e-05,2.280806380257274e-05,-0.0024709334551159534,0.004831798666969241,0.0002955960384420253,154,,,0.060118899001892157,0.050774811561218325
0.9702850580215454,0.9613619822117059,2.2167000000017367e-05,2.2679851042061666e-05,0.002230768952459994,0.003957995278993896,-0.00045212132522172156,154,,,0.03866160890597525,0.029737108978454607
0.9514617919921875,0.9593819441678022,2.237500000012993e-05,2.2618880833675322e-05,-0.0019800380439036758,0.004058687022775527,-0.001388396603176667,154,,,0.046849611377349776,0.04856058300781263
0.9745306372642517,0.9624116827870921,2.2374999999907885e-05,2.2570104666921833e-05,0.003029738619289901,0.003761565887455285,-0.001706823334940033,154,,,0.032328644584655786,0.0254917377357482
0.9971081018447876,0.9693509665986312,2.2916999999900156e-05,2.2639483733517497e-05,0.0069392838115390765,0.004197818336998304,0.0015497639768538684,154,,,0.08489140885906998,0.0029148151552123025
0.9573749303817749,0.96695575935526,2.2709000000009638e-05,2.265338698681593e-05,-0.002395207243371167,0.003889746790010004,0.0015649092192028258,154,,,0.05233509778958134,0.04264777861822511
0.9565632939338684,0.9648772662709818,3.333299999996875e-05,2.4789309589446496e-05,-0.00207849308427821,0.0038922746025808787,0.0007030568118551849,154,,,0.08426384885751337,0.04347003906613156
0.9741047024726868,0.9667227535113229,2.4374999999965397e-05,2.470644767155028e-05,0.0018454872403410594,0.003915456468563248,0.001468161868704132,154,,,0.041524745273773256,0.025919672527313198
0.9811975359916687,0.969617710007392,2.2417000000052312e-05,2.4248558137250686e-05,0.00289495649606919,0.00370370547198744,0.0014412054440599898,154,,,0.09443266630154423,0.01882488100833135
0.9341838955879211,0.962530947123498,2.2666000000004516e-05,2.3932046509801453e-05,-0.007086762883894093,0.0036501223714382313,-0.0013640038950266443,154,,,0.04815983465557849,0.06583877041207886
0.9679487347602844,0.9636145046508553,2.2208000000079053e-05,2.3587237207856974e-05,0.0010835575273573372,0.0032491120284348063,-0.0006682509408809434,154,,,0.028678068324676342,0.032073473239715655
0.953603208065033,0.9616122453336909,2.23339999998462e-05,2.3336589766254823e-05,-0.0020022593171643566,0.003224308081470697,-0.0006530041874581727,154,,,0.024565188858398423,0.04641912593496689
0.9609050154685974,0.9614707993606724,2.3874999999895508e-05,2.3444271812982964e-05,-0.00014144597301857242,0.0029264253752125627,-0.001050390830130099,154,,,0.06575116872387698,0.03911885953140248
0.9738768935203552,0.963952018192609,2.212499999987294e-05,2.318041745036096e-05,0.002481218831936638,0.0028294631961223674,-0.0011331383629566093,154,,,0.028525987689788757,0.02614523147964465
0.9789159297943115,0.9669448005129496,2.1749999999931546e-05,2.2894333960275078e-05,0.0029927823203406145,0.00254303460707142,0.0008827706778903321,154,,,0.05081555581283581,0.021105820205688408
0.9752491116523743,0.9686056627408346,2.31669999999351e-05,2.2948867168207085e-05,0.0016608622278849738,0.0027227780456191516,0.0009982316179958594,154,,,0.055579679023559425,0.024774055347625668
0.9642072916030884,0.9677259885132854,2.300000000010627e-05,2.2959093734586924e-05,-0.0008796742275491987,0.00284198617734917,0.001222748635918891,154,,,0.08439374049377446,0.03581570839691173
0.9843831658363342,0.9710574239778953,2.3499999999954113e-05,2.3067274987660363e-05,0.0033314354646099,0.003319476400118803,0.0019173249234445855,154,,,0.06638497942352295,0.015640334163665726
0.9165372252464294,0.9601533842316021,2.3084000000173077e-05,2.307061999016291e-05,-0.01090403974629317,0.0034190412767425085,-0.0007597267922013762,154,,,0.06324303955096444,0.08348585875357073
0.9254842400550842,0.9532195553962987,2.2291999999923817e-05,2.2914895992115094e-05,-0.006933828835303468,0.0048638218624486,-0.0027450490233301927,154,,,0.048824378189086914,0.0745380519449157
0.967583179473877,0.9560922802118144,2.2916999999900156e-05,2.291531679367211e-05,0.0028727248155157037,0.005392772378859766,-0.0025026765058040468,154,,,0.04853649787121572,0.03243973752612295
0.9490645527839661,0.9546867347262447,2.208299999995056e-05,2.27488534349278e-05,-0.0014055454855697036,0.005952844536448528,-0.0026078507574081476,154,,,0.07327131929016106,0.050957530216033886
0.9684403538703918,0.9574374585550741,2.254099999987602e-05,2.2707282747917444e-05,0.00275072382882946,0.006135360705377684,-0.002723993084564236,154,,,0.010771432708740258,0.03158218712960803
0.9258076548576355,0.9511114978155865,2.9749999999939547e-05,2.4115826198321867e-05,-0.006325960739487657,0.006887434165495819,-0.0018083772832031332,154,,,0.09819286678277583,0.07422209514236444
0.9729207754135132,0.9554733533351719,2.2750000000071324e-05,2.384266095867176e-05,0.004361855519585456,0.006705282965197056,0.00045075958777465177,154,,,0.026042499863037083,0.027101974586486888
0.9675753116607666,0.9578937450002909,2.229100000006312e-05,2.3532328766950033e-05,0.0024203916651189816,0.005991723697942229,0.00036029295769530735,154,,,0.02277269830667117,0.03244697933923346
0.9479978084564209,0.955914557691517,2.312500000001272e-05,2.345086301356257e-05,-0.0019791873087738887,0.005160147308840485,0.0002455645930544703,154,,,0.050452973502929765,0.052025316543579114
0.9722604751586914,0.959183741184952,2.2583999999881144e-05,2.327749041082629e-05,0.0032691834934349684,0.002579719024965524,0.000349256525975572,154,,,0.04697959829367049,0.027762108841308475
0.9255902767181396,0.9524650482915895,2.254199999995876e-05,2.3130392328652784e-05,-0.006718692893362466,0.0024016063020745816,0.00027071009520061027,154,,,0.027569703350433183,0.07443226528186031
0.9712870717048645,0.9562294529742446,2.2332999999985503e-05,2.297091386291933e-05,0.0037644046826550426,0.0023025873178312106,0.00015121992781452764,154,,,0.0363071834373474,0.028735261295135484
0.9847341775894165,0.961930397897279,2.429199999998133e-05,2.3235131090331732e-05,0.005700944923034412,0.0029811519792964413,0.0008073305793976137,154,,,0.10053389934539791,0.015290114410583477
0.9896911382675171,0.9674825459713267,2.2708000000148942e-05,2.3129704872295177e-05,0.005552148074047691,0.0044347605309546624,0.00231359765596193,154,,,0.022052088569641137,0.010331569732483059
0.9747658371925354,0.9689392042155685,2.2125000000094985e-05,2.292876389785514e-05,0.001456658244241793,0.005603688931635953,0.0019510926061232948,154,,,0.10552972225189206,0.025256287807464695
0.9688632488250732,0.9689240131374695,2.2250000000001435e-05,2.27930111182844e-05,-1.5191078098997224e-05,0.005749529804750335,0.0032917929691759886,154,,,0.052900866542816116,0.03115900117492676
0.9880240559577942,0.9727440217015344,2.2958999999822538e-05,2.2826208894592028e-05,0.0038200085640649473,0.0065371258752730185,0.0033029137454579694,154,,,0.046861397655487025,0.011998903042205633
0.9771625399589539,0.9736277253530183,2.2750000000071324e-05,2.281096711568789e-05,0.0008837036514839358,0.007180224752118612,0.002339465491147874,154,,,0.15945838849603278,0.022860210041046214
0.9724185466766357,0.9733858896177419,2.2250000000001435e-05,2.26987736925506e-05,-0.0002418357352764744,0.007188149442781788,0.0011806687292830408,154,,,0.0976899829292297,0.02760370332336426
0.9907500147819519,0.9768587146505839,2.2250000000001435e-05,2.260901895404077e-05,0.003472825032842075,0.007582154478945213,0.0015839020870030973,154,,,0.10243153844433595,0.009272235218048097
0.9403812289237976,0.9695632175052268,2.2208000000079053e-05,2.2528815163248427e-05,-0.007295497145357155,0.005762938045961029,0.00012784087355146578,154,,,0.07236965543328866,0.05964097907620247
0.9437605142593384,0.9644026768560492,2.254199999995876e-05,2.2531452130590496e-05,-0.005160540649177592,0.004289493128935567,-0.001668268969097042,154,,,0.11166563385009765,0.05626202774066158
0.9540143013000488,0.9623250017448493,2.1832999999915614e-05,2.239176170445552e-05,-0.002077675111199939,0.004218270713307888,-0.002260544721633817,154,,,0.1439374956476136,0.04600753169995109
0.9791972041130066,0.9656994422184807,2.4374999999965397e-05,2.2788409363557496e-05,0.003374440473631446,0.004349187763680726,-0.0015372894798522329,154,,,0.07307982324218742,0.020827170886993374
0.9828420281410217,0.9691279594029889,2.408400000009081e-05,2.3047527490864158e-05,0.0034285171845082063,0.004346483762366278,-0.0015461510495190067,154,,,0.026647062682922495,0.017182055858978362
0.9688834547996521,0.9690790584823216,2.5541999999934006e-05,2.3546421992678128e-05,-4.890092066733853e-05,0.004344085684980835,-9.683180458104345e-05,154,,,0.06779813259869405,0.031142087200347834
0.9584189653396606,0.9669470398537895,2.366700000000499e-05,2.35705375941435e-05,-0.002132018628532073,0.004283071785147955,0.0005088725995480603,154,,,0.09417629298037711,0.04160470166033936
0.9795765280723572,0.9694729374975031,2.4750000000128836e-05,2.380643007534057e-05,0.0025258976437135816,0.004017132021656422,0.0014295871505307645,154,,,0.0772819975584107,0.02044822192764295
0.9520549774169922,0.9659893454814009,2.6209000000054772e-05,2.4286944060283413e-05,-0.003483592016102155,0.0037561743849314267,5.798065258404428e-05,154,,,0.025036484645843515,0.04797123158300787
0.9735636711120605,0.9675042106075329,2.3332999999903237e-05,2.4096155248207377e-05,0.00151486512613197,0.002304486320213782,-0.00032474975909120297,154,,,0.1602615777589722,0.026459661887939356
0.978710949420929,0.9697455583702121,2.3083999999951033e-05,2.389372419855611e-05,0.0022413477626792577,0.0023252356874866723,0.0001332999775781163,154,,,0.03232754684066763,0.021312134579070996
0.9889083504676819,0.9735781167897062,2.254199999995876e-05,2.3623379358836642e-05,0.0038325584194940365,0.00285719739281798,0.0013262153871833383,154,,,0.05710720106887823,0.011114191532318074
0.9468953609466553,0.968241565621096,2.2417000000052312e-05,2.338210348707978e-05,-0.005336551168610204,0.0021590894933800073,-0.00024627437528141894,154,,,0.08802245559310906,0.05312705605334478
0.9567229151725769,0.9659378355313922,2.212499999987294e-05,2.3130682789638414e-05,-0.0023037300897037483,0.0021287129136228016,-1.0301990001737593e-05,154,,,0.055339267932708935,0.04329920982742297
0.9767447710037231,0.9680992226258585,2.4542000000016273e-05,2.3412946231713987e-05,0.0021613870944662272,0.002123745652842679,0.00011900240366511384,154,,,0.04365669409197981,0.023279770996276872
0.9716281890869141,0.9688050159180697,2.337499999982562e-05,2.3405356985336315e-05,0.0007057932922112098,0.0021173324869241954,-0.00018810849042849576,154,,,0.09860668715686027,0.028395185913085763
0.9772878885269165,0.9705015904398391,2.2625000000164874e-05,2.3249285588302028e-05,0.0016965745217694117,0.002136468593384878,-0.0006153052699734207,154,,,0.059421403751190205,0.02273473647308366
0.961819589138031,0.9687651901794775,2.2290999999841077e-05,2.305762847060984e-05,-0.0017364002603615925,0.002124279160216717,0.0001047249116763016,154,,,0.03271869135684202,0.038202701861968835
0.9466334581375122,0.9643388437710845,2.35410000000158e-05,2.3154302776491035e-05,-0.0044263464083930115,0.0023786673052017733,-0.00031979835206155107,154,,,0.021828482593536425,0.05339008286248781
0.9542544484138489,0.9623219646996374,2.220799999985701e-05,2.2965042221164232e-05,-0.0020168790714470974,0.003026673709288066,-0.001155451585244216,154,,,0.04534212691098016,0.04576775958615098
0.9322832822799683,0.9563142282157036,2.2124999999650896e-05,2.2797033776861566e-05,-0.006007736483933823,0.0045604539655456754,-0.0024981575404732226,154,,,0.046740327877411225,0.06773884272003139
0.9755581021308899,0.9601630029987409,2.349999999973207e-05,2.293762702143567e-05,0.0038487747830373564,0.004302859530903566,-0.0020677174882196337,154,,,0.1058465160787656,0.02446539786910984
0.9341602921485901,0.9549624608287108,2.245799999966991e-05,2.2841701617082518e-05,-0.005200542170030076,0.005167414335435585,-0.00276054587015333,154,,,0.07346149864196772,0.06586216585140958
0.9518831968307495,0.9543466080291186,2.1874999999837996e-05,2.2648361293633615e-05,-0.0006158527995921981,0.005860922797705073,-0.0019984471483931675,154,,,0.05666782504617318,0.048138678169250326
0.9600780010223389,0.9554928866277628,2.2959000000266627e-05,2.2710489034960216e-05,0.0011462785986441348,0.005953845817487551,-0.0013658156143749212,154,,,0.04970797048968523,0.0399449579776614
0.9414089918136597,0.9526761076649423,2.2125000000094985e-05,2.259339122798717e-05,-0.0028167789628205098,0.005968502907297507,-0.0007276241101522585,154,,,0.10389696665936299,0.05861313318634043
0.9112937450408936,0.9443996351401326,2.1832999999915614e-05,2.244131298237286e-05,-0.008276472524809675,0.0064851804163636685,-0.0031526735717216647,154,,,0.11231955061721832,0.08872808795910636
0.9496175646781921,0.9454432210477446,2.2041999999888873e-05,2.236145038587606e-05,0.001043585907611999,0.0061559678657968206,-0.0019038479561932498,154,,,0.04536459014129646,0.05040447732180775
0.989205539226532,0.9541956846835021,2.225000000022348e-05,2.2339160308745544e-05,0.008752463635757546,0.005320103523855776,-3.0184669123300978e-05,154,,,0.029308207931701524,0.010816710773468241
0.9810152053833008,0.9595595888234619,2.2458000000113998e-05,2.2362928247019235e-05,0.005363904139959796,0.0049406512328460245,0.0008133404391398313,154,,,0.15078910940170287,0.019007252616699333
0.9746306538581848,0.9625738018304066,2.35410000000158e-05,2.259854259761855e-05,0.0030142130069447104,0.00558031764235218,0.0019795388330928754,154,,,0.07133088112622055,0.0253928871418152
0.9876899123191833,0.967597023928162,2.2916999999900156e-05,2.266223407807487e-05,0.005023222097755409,0.006686555585761899,0.0046394777576058924,154,,,0.09907577764129627,0.01233300468081655
0.9732837677001953,0.9687343726825688,2.3082999999868292e-05,2.2746387262433556e-05,0.0011373487544067418,0.007831542109568046,0.004658230326964841,154,,,0.04873088745498677,0.026739315299804556
0.9716132283210754,0.9693101438102701,2.854199999990925e-05,2.3905509809928697e-05,0.0005757711277013522,0.008662250354122797,0.003022891825353602,154,,,0.0795050288314818,0.02841531367892447
0.9863145351409912,0.9727110220764145,2.2707999999926898e-05,2.366600784792834e-05,0.003400878266144325,0.009648255417163354,0.0026302866505905076,154,,,0.06772854918670657,0.013708172859008716
0.9692784547805786,0.9720245086172474,2.2332999999985503e-05,2.3399406278339778e-05,-0.0006865134591670374,0.009976143787819655,0.001890141357368158,154,,,0.08695496682376103,0.030743878219421372
0.9752138257026672,0.9726623720343314,2.1874999999837996e-05,2.3094525022639424e-05,0.0006378634170839392,0.008595210755750248,0.0010130696212338642,154,,,0.02892524978655997,0.0248080492973326
0.973736584186554,0.9728772144647759,2.3416999999970045e-05,2.315902001810555e-05,0.00021484243044456175,0.0060956043613999995,0.0008285683564414281,154,,,0.08019599050158721,0.026286832813446015
0.9590057730674744,0.9701029261853157,2.2083000000172603e-05,2.2943816014518964e-05,-0.0027742882794602464,0.004298754110137322,0.0001585564750091084,154,,,0.04104335067404152,0.04101630993252581
0.9700879454612732,0.9700999300405072,2.2083000000172603e-05,2.277165281164969e-05,-2.9961448084758757e-06,0.0029944136071933707,-0.0005222184071814517,154,,,0.04332529033642585,0.02993413753872698
0.9735824465751648,0.9707964333474387,2.1874999999837996e-05,2.2592322249287354e-05,0.0006965033069314952,0.00174753326654271,-0.0002456150539617452,154,,,0.07576013586062613,0.026439428424835043
0.9529702067375183,0.9672311880254547,3.375000000005457e-05,2.48238577994408e-05,-0.0035652453219839897,0.0018144803027581144,-0.001086236801775331,154,,,0.051473600208099324,0.047063543262481744
0.9761558771133423,0.9690161258430322,2.2125000000094985e-05,2.4284086239571636e-05,0.0017849378175774921,0.0017864081881138066,-0.0007722177243487449,154,,,0.13504770708865355,0.02386624788665781
0.9574310183525085,0.9666991043449276,2.245899999975265e-05,2.391906899160784e-05,-0.0023170214981046433,0.0021264631089499947,-0.0006807643680776243,154,,,0.05861347027951069,0.04259144064749121
0.9838555455207825,0.9701303925800986,2.2834000000138133e-05,2.37020551933139e-05,0.003431288235171026,0.001984901188770213,6.092507918276091e-06,154,,,0.033817111309234704,0.016167288479217667
0.9714057445526123,0.9703854629746014,2.2334000000068244e-05,2.342844415466477e-05,0.0002550703945027877,0.001889902056863476,-8.219407456746541e-05,154,,,0.016606077339355263,0.028616589447387764
0.9265959858894348,0.9616275675575681,2.3458000000253776e-05,2.3434355323782573e-05,-0.008757895417033312,0.002941981384512963,-0.00112072409357733,154,,,0.06433776934051494,0.07342747211056544
0.9435905814170837,0.9580201703294712,2.1749999999709502e-05,2.309748425896796e-05,-0.003607397228096887,0.004085729135686204,-0.0021991911027122056,154,,,0.06942561865597519,0.05643116858291597
0.9681982398033142,0.9600557842242399,2.195899999968276e-05,2.286978740711092e-05,0.0020356138947686953,0.004513187874803028,-0.0013286640241375381,154,,,0.10637012002218604,0.031823719196685474
0.9903950691223145,0.9661236412038549,2.2084000000255344e-05,2.2712629925739807e-05,0.006067856979614983,0.004342164036067322,-0.0008013502752487467,154,,,0.029909007076446503,0.009627014877685802
0.9998293519020081,0.9728647833434855,2.1917000000204467e-05,2.255350394063274e-05,0.006741142139630618,0.004606517485760029,0.0004958640737768194,154,,,0.0026997065504148487,0.00019256509799214783
0.9990929961204529,0.9781104258988791,2.2374999999907885e-05,2.251780315248777e-05,0.005245642555393615,0.005838009832150393,0.003296571668262205,154,,,0.003641763984313595,0.000929378879547027
0.99824059009552,0.9821364587382073,2.254199999995876e-05,2.252264252198197e-05,0.004026032839328231,0.007353209487353083,0.004823257681747228,154,,,0.0028665553932190058,0.0017819519044799392
0.9984863996505737,0.9854064469206807,2.220799999985701e-05,2.2459714017556976e-05,0.003269988182473371,0.008854198325739446,0.005070132539288163,154,,,0.0017310772588805534,0.0015358083494261265
0.9970671534538269,0.98773858822731,2.2165999999934627e-05,2.240097121403251e-05,0.0023321413066292873,0.010249315956158384,0.004322989404691025,154,,,0.002858052463714511,0.0029550125461730303
0.9990255832672119,0.9899959872352904,2.1749999999709502e-05,2.2270776971167907e-05,0.0022573990079803874,0.011504744097054221,0.003426240778360978,154,,,0.0024761481325072943,0.0009961667327877954
0.9997870326042175,0.9919541963090758,2.1832999999915614e-05,2.218322157691745e-05,0.0019582090737854108,0.011782537997944804,0.0027687540820393376,154,,,0.0015821976701659857,0.00023480039578238632
0.9992442727088928,0.9934122115890393,2.358299999993818e-05,2.2463177261521594e-05,0.001458015279963476,0.010747627869000883,0.0022551505701663864,154,,,0.0008207251703185037,0.0007793102911071159
0.9992368221282959,0.9945771336968906,3.316699999977857e-05,2.460394180917299e-05,0.0011649221078513516,0.008926481180934741,0.0018341373552419825,154,,,0.0013059055137634168,0.0007963448717038801
0.9978876709938049,0.9952392411562735,2.32910000002029e-05,2.4341353447378972e-05,0.000662107459382888,0.007108419549014153,0.0015001305857927027,154,,,0.004648824760253856,0.0021356200061952713
0.9989539384841919,0.9959821806218572,2.1833999999998355e-05,2.383988275790285e-05,0.0007429394655836807,0.005710457227714205,0.0011972386773133614,154,,,0.002333161380401627,0.0010678955158081038
0.9980328679084778,0.9963923180791813,2.1666000000308827e-05,2.340510620638405e-05,0.0004101374573241001,0.004605290269649857,0.0008876243540210993,154,,,0.001460038566955646,0.0019887980915225256
0.9985331296920776,0.9968204804017606,2.2666000000004516e-05,2.3257284965108145e-05,0.0004281623225793618,0.0037083071724786387,0.0006816537625442765,154,,,0.005137425033752585,0.0014895363079223678
0.9982385039329529,0.9971040851079991,2.2292000000145862e-05,2.306422797211569e-05,0.00028360470623844947,0.002980239688261548,0.000505390282221696,154,,,0.0016540200346066847,0.001783788067047265
0.9972792267799377,0.9971391134423869,2.1916999999760378e-05,2.283478237764463e-05,3.502833438784325e-05,0.0022826139080211,0.00037997445722268706,154,,,0.002879508438293321,0.0027426902200620162
0.9998372197151184,0.9976787346969332,2.1832999999915614e-05,2.2634425902098827e-05,0.0005396212545463186,0.0017453196241419965,0.00033931081501521466,154,,,0.0013147936290587303,0.0001846132848815074
0.997788667678833,0.9977007212933133,2.195800000004411e-05,2.2499140721687886e-05,2.198659638008582e-05,0.0013392481206468603,0.0002616806428264118,154,,,0.0006325810278013932,0.0022332903211670363
0.9984956979751587,0.9978597166296824,2.1832999999915614e-05,2.2365912577333433e-05,0.00015899533636909435,0.0010440118501097596,0.0002078472455843583,154,,,0.0009155899044190896,0.0015261350248412242
0.9994630813598633,0.9981803895757186,2.175000000015359e-05,2.2242730061897466e-05,0.00032067294603621566,0.0008747057606356793,0.00021526089354391155,154,,,0.002255115505035654,0.0005586686401368723
0.9972181916236877,0.9979879499853125,2.145799999997422e-05,2.2085784049512817e-05,-0.0001924395904061571,0.0006868784909232232,0.00016976730858511146,154,,,0.005432919769103872,0.00280326637631223
0.9985787868499756,0.9981061173582452,2.1875000000282085e-05,2.2043627239666672e-05,0.00011816737293268709,0.0005697048511974107,8.547653226238516e-05,154,,,0.0018543761060789699,0.0014430881500246961
0.996810793876648,0.9978470526619257,2.150000000034069e-05,2.1934901791801478e-05,-0.0002590646963194221,0.0004400379838428523,2.9266273722483584e-05,154,,,0.001704691238403555,0.0032107061233523915
0.9987202882766724,0.9980216997848752,2.195800000004411e-05,2.1939521433450005e-05,0.00017464712294945617,0.0003550029869706361,3.239663103855594e-05,154,,,0.005409214492614556,0.0013016697233276808
0.9978275299072266,0.9979828658093455,2.2165999999934627e-05,2.198481714674693e-05,-3.883397552972845e-05,0.00028248797187830304,-3.9504753274632876e-05,154,,,0.003556515598297061,0.002194636092773372
0.9992207288742065,0.9982304384223177,2.333300000012528e-05,2.22544537174226e-05,0.00024757261297225774,0.00017813402572787446,4.8497687401050096e-05,154,,,0.003606224174499406,0.0008026041257935823
0.9988231062889099,0.9983489719956362,2.324999999991917e-05,2.2453562973921916e-05,0.00011853357331848002,0.00018578557581421475,4.857092747820868e-05,154,,,0.0012285835455014826,0.001200143711090007
0.9994496703147888,0.9985691116594667,2.2624999999720785e-05,2.2487850379081693e-05,0.00022013966383049866,0.0002139831469340549,0.00014441179950819283,154,,,0.0020400298305665032,0.0005729546852109024
0.9991925358772278,0.998693796503019,2.275000000029337e-05,2.254028030332403e-05,0.00012468484355232512,0.00025705474824034305,0.00013441934362876662,154,,,0.0022565151329039246,0.0008302141227725102
0.9988427758216858,0.9987235923667523,2.2416999999830267e-05,2.2515624242625277e-05,2.9795863733306227e-05,0.00030140713768873027,0.00014814531148137354,154,,,0.00398817945898422,0.0011796411783140393
0.9986711740493774,0.9987131087032775,2.2124999999650896e-05,2.2437499394030403e-05,-1.0483663474891713e-05,0.0003162269285356111,9.653405619194366e-05,154,,,0.0043517740478513645,0.0013509509506222095
0.9977245926856995,0.9985154054997618,2.220799999985701e-05,2.2391599515195727e-05,-0.0001977032035156423,0.0003118768749227808,3.3286700825119196e-05,154,,,0.00221705709057618,0.002297615314300394
0.9978652000427246,0.9983853644083545,2.2417000000274356e-05,2.2396679612211455e-05,-0.00013004109140735132,0.0002600509830313379,-3.6749450222450795e-05,154,,,0.0009922776868895866,0.002157216957275665
0.9995116591453552,0.9986106233557547,2.429199999998133e-05,2.277574368976543e-05,0.0002252589474002198,0.00022828030286637613,-1.663462945287186e-05,154,,,0.004477532127563411,0.0005126328546447567
0.9995877146720886,0.9988060416190215,2.224999999977939e-05,2.2670594951768225e-05,0.00019541826326685552,0.0001780216618486638,1.6489850453837996e-05,154,,,0.0019355817257080687,0.00043453532791115634
0.9985888004302979,0.9987625933812768,2.2083000000172603e-05,2.2553075961449105e-05,-4.344823774471429e-05,0.000148798126003833,9.896935599873479e-06,154,,,0.0031252716676637426,0.001433282569702321
0.9984620213508606,0.9987024789751936,2.225000000022348e-05,2.249246076920398e-05,-6.0114406083222605e-05,0.00012136973070343638,3.741469508635742e-05,154,,,0.0024967887117308685,0.0015602286491396278
0.9976558685302734,0.9984931568862095,2.2334000000068244e-05,2.2460768615376835e-05,-0.00020932208898405413,0.00012826315659484873,2.1558495571016856e-05,154,,,0.0022054402080691204,0.0023664654697266307
0.998490035533905,0.9984925326157487,2.2334000000068244e-05,2.243541489231512e-05,-6.242704608805383e-07,0.0001340015855611508,-2.361814800120321e-05,154,,,0.004928545032501397,0.001532298466095039
0.9988605380058289,0.9985661336937648,2.2083000000172603e-05,2.236493191388662e-05,7.360107801612781e-05,0.0001301573536272033,-4.798158505134875e-05,154,,,0.00328640665035973,0.0011615449941713152
0.9993487596511841,0.9987226588852487,2.1666000000308827e-05,2.2225145531171063e-05,0.00015652519148390276,0.00013098139536871627,-7.986899205625343e-06,154,,,0.0013846256448672989,0.0006729063488162268
0.998613178730011,0.9987007628542013,2.1665999999864738e-05,2.2113316424909796e-05,-2.1896031047408115e-05,0.00013000375757239298,-3.43224198462444e-07,154,,,0.006055090423400689,0.0014084872699888784
0.9978238940238953,0.9985253890881401,2.254199999995876e-05,2.219905313991959e-05,-0.00017537376606113764,0.00010943515275977874,6.446440386120855e-06,154,,,0.0020444128532410843,0.002198647976104695
0.9996329545974731,0.9987469021900067,2.700000000022129e-05,2.3159242511979932e-05,0.00022151310186657724,0.00011355567259286392,5.087391485161241e-05,154,,,0.006392402759551885,0.00039404540252707676
0.9979617595672607,0.9985898736654576,2.2334000000068244e-05,2.2994194009597596e-05,-0.00015702852454912986,0.00010215113960882865,4.7479943385608795e-06,154,,,0.0027295957334594334,0.002060574432739326
0.9995104670524597,0.998773992342858,2.220899999993975e-05,2.283715520766603e-05,0.00018411867740042442,0.00010367385912745176,1.0266691521865211e-05,154,,,0.0035881369436339128,0.000511741947540223
0.9996243119239807,0.9989440562590826,2.2332999999985503e-05,2.2736324166129927e-05,0.00017006391622453876,0.00013941097084270977,4.865868097625459e-05,154,,,0.002244249622528116,0.0003980210760192726
0.9976031184196472,0.9986758686911955,2.2125000000094985e-05,2.2614059332922938e-05,-0.000268187567887046,0.00012847516124250418,3.009592061107291e-05,154,,,0.004599193160828019,0.002419006580352878
0.9994469285011292,0.9988300806531824,2.2125000000094985e-05,2.251624746635735e-05,0.00015421196198683873,0.00012050688148403991,1.663569263512521e-05,154,,,0.0035003463251035427,0.0005751964988709446
0.9988587498664856,0.9988358144958431,2.250000000003638e-05,2.2512997973093155e-05,5.733842660782251e-06,0.00011592572840488385,4.918816607710763e-05,154,,,0.005810792381469643,0.0011637501335144407
0.9988119006156921,0.9988310317198129,2.204100000025022e-05,2.241859837852457e-05,-4.7827760302210365e-06,0.0001193242590591554,1.140787539097854e-05,154,,,0.0034331052625731218,0.0012101403843081115
0.9990597367286682,0.9988767727215839,2.2208000000301098e-05,2.2376478702879878e-05,4.574100177101581e-05,0.00012432183449243296,-1.3456707499726051e-05,154,,,0.003551648319610745,0.0009624712713320882
0.9988476037979126,0.9988709389368498,2.2165999999934627e-05,2.233438296229083e-05,-5.833784734177172e-06,9.890685622992558e-05,3.9014049130847715e-05,154,,,0.005483481647491573,0.001174562202087337
0.9990988969802856,0.998916530545537,4.662499999996683e-05,2.7192506369826034e-05,4.559160868722323e-05,0.00010322071703928063,1.7289978470924615e-05,154,,,0.001606306900207688,0.0009477280197143223
0.9992938041687012,0.9989919852701699,2.2458000000113998e-05,2.6245605095883627e-05,7.545472463288405e-05,8.451215020414123e-05,3.1234154865344974e-05,154,,,0.0025677759136049083,0.0007286538312989421
0.9993729591369629,0.9990681800435286,2.229100000006312e-05,2.5454684076719526e-05,7.619477335873981e-05,0.0001009079695413214,4.7429664743137145e-05,154,,,0.004762473445709237,0.0006493318630371725
0.9988961815834045,0.9990337803515038,2.175000000015359e-05,2.471374726140634e-05,-3.43996920247891e-05,0.00010946412323908973,3.140152598397616e-05,154,,,0.004527405773163018,0.0011255684165956126
0.9994640946388245,0.999119843208968,2.200000000041058e-05,2.417099780920719e-05,8.60628574641531e-05,0.00010214554234623169,4.978085442364222e-05,154,,,0.0033138132055361424,0.0005579053611759477
0.9983884692192078,0.998973568411016,2.1665999999864738e-05,2.3669998247338703e-05,-0.00014627479795192855,9.593824345299755e-05,1.1407573095811863e-05,154,,,0.00250241517620875,0.001633196780792101
0.9995430111885071,0.9990874569665144,2.1584000000185455e-05,2.3252798597908055e-05,0.00011388855549832044,9.520336968889495e-05,1.909433926889914e-05,154,,,0.0016545125463562904,0.0004785728114931054
0.9979507923126221,0.998860124035736,2.195900000012685e-05,2.2994038878351815e-05,-0.0002273329307783678,9.10521382904793e-05,-4.161120155852238e-05,154,,,0.0005004392278751268,0.0020711666873780565
0.9984733462333679,0.9987827684752624,2.1792000000075973e-05,2.275363110269665e-05,-7.735556047361314e-05,0.00010500011186834718,-5.020237524828719e-05,154,,,0.005402473377044803,0.001548445766632156
0.9992824196815491,0.9988826987165198,2.2125000000094985e-05,2.2627904882176315e-05,9.993024125742878e-05,0.00010393875660520117,-4.7428898489632054e-05,154,,,0.0036879341886595363,0.0007397053184510227
0.9981634020805359,0.9987388393893231,2.225000000022348e-05,2.2552323905785748e-05,-0.0001438593271967381,0.00012492131854841782,-4.6945804338593965e-05,154,,,0.005504291622345114,0.0018588479194643348
0.9983381032943726,0.9986586921703331,2.2042000000332962e-05,2.245025912469519e-05,-8.014721898996768e-05,0.00015187443060985547,-8.575295923625159e-05,154,,,0.002504608501617156,0.0016839387056277744
0.9990851879119873,0.998743991318664,2.195800000004411e-05,2.2351807299764978e-05,8.529914833088625e-05,0.00015151112951354028,-2.322654341440078e-05,154,,,0.0014530693817138562,0.0009367700880127394
0.9989796280860901,0.9987911186721493,2.1792000000075973e-05,2.2239845839827177e-05,4.712735348533226e-05,0.00014556352566468417,1.6700393773882993e-06,154,,,0.0022303081588743723,0.001042163913909988
0.9965609312057495,0.9983450811788693,2.220899999993975e-05,2.2233676671849693e-05,-0.00044603749327998266,0.000188558619353415,-0.00010752350753009398,154,,,0.002450230228423944,0.003461277794250428
0.998616099357605,0.9983992848146165,2.2083999999811255e-05,2.2203741337442006e-05,5.4203635747152035e-05,0.00020914791223486216,-6.791091494131595e-05,154,,,0.0030272773059691893,0.0014059846423948308
0.9984576106071472,0.9984109499731227,2.1832999999915614e-05,2.212959306993673e-05,1.1665158506257711e-05,0.00019087542662503713,-4.954843944207088e-05,154,,,0.0040671736829831495,0.0015642223928526988
0.9976868629455566,0.9982661325676095,2.2167000000017367e-05,2.2137074455952856e-05,-0.00014481740551319788,0.0002111263107311785,-9.557175021088771e-05,154,,,0.0013316371156615325,0.0023353040544433767
0.9994363188743591,0.9985001698289595,2.2125000000094985e-05,2.2134659564781282e-05,0.00023403726134996194,0.00020381955519815692,-5.818976863796177e-05,154,,,0.0027780212629395784,0.0005858061256409641
0.9989885091781616,0.9985978376988001,2.199999999996649e-05,2.2107727651818327e-05,9.766786984055642e-05,0.00017675112323038757,5.055130398614605e-05,154,,,0.0011103484649659379,0.0010334908218383454
0.9981128573417664,0.9985008416273934,2.1916000000121727e-05,2.206938212147901e-05,-9.699607140667421e-05,0.00016468800824448983,2.0311362555380797e-05,154,,,0.0017880518110349186,0.0019090586582337643
0.9986339807510376,0.9985274694521222,2.1749999999709502e-05,2.200550569712511e-05,2.6627824728842064e-05,0.00015833186007985307,2.3303895799897666e-05,154,,,0.0031738685228273056,0.0013877692489621118
0.998984158039093,0.9986188071695165,2.1749999999709502e-05,2.1954404557641988e-05,9.133771739422425e-05,0.00014345069977073047,7.05349203813821e-05,154,,,0.0021251597747804496,0.001037591960906692
0.9985431432723999,0.9986036743900932,2.2374999999907885e-05,2.203852364609517e-05,-1.5132779423221443e-05,0.00011255210036567828,2.0700912226745417e-05,154,,,0.0012242476154482596,0.0014792317276000055
0.9991405010223389,0.9987110397165424,2.2082999999728514e-05,2.204741891682184e-05,0.0001073653264491714,0.0001227358947211561,2.264040354846841e-05,154,,,0.0046864555932923935,0.0008815819776608613
0.9982112646102905,0.998611084695292,2.1292000000006084e-05,2.189633513345869e-05,-9.995502125037525e-05,0.00011940753961200026,2.2048613579728204e-05,154,,,0.005141817474731525,0.0018100273897094787
0.9981094002723694,0.9985107478107076,2.1541999999818984e-05,2.1825468106730748e-05,-0.0001003368845844399,0.00011261668654082245,-3.3443282829281882e-06,154,,,0.0025250415458679676,0.0019121417276304342
0.999225914478302,0.9986537811442265,2.1792000000075973e-05,2.1818774485399794e-05,0.0001430333335189493,6.784873803269829e-05,6.994794942016825e-06,154,,,0.0018728111763000044,0.000795877521698074
0.9989729523658752,0.9987176153885563,2.1833000000359704e-05,2.1821619588391776e-05,6.383424432976348e-05,7.233916757443179e-05,2.278819969261381e-05,154,,,0.003429976867492801,0.0010488806341251156
0.9988812208175659,0.9987503364743582,2.1583000000102714e-05,2.1773895670733964e-05,3.2721085801878935e-05,8.425374447771116e-05,7.859351563155314e-06,154,,,0.0046376698078001155,0.0011403621824341847
0.9994652271270752,0.9988933146049017,2.2707999999926898e-05,2.196071653657255e-05,0.00014297813054353625,0.00010754621459603878,5.644598192193762e-05,154,,,0.002027570529754552,0.0005574808729247316
0.9987173676490784,0.9988581252137371,2.254199999995876e-05,2.2076973229249794e-05,-3.5189391164647255e-05,0.00011249827423324847,6.947548060589614e-05,154,,,0.002043845760345331,0.0013051743509215896
0.9986370801925659,0.9988139162095029,2.2041999999888873e-05,2.206997858337761e-05,-4.4209004234185834e-05,0.0001148588313339185,3.2027013055269116e-05,154,,,0.00175965683728041,0.001384961807433971
0.9991145730018616,0.9988740475679747,2.2208000000301098e-05,2.2097582866762307e-05,6.01313584718266e-05,0.00011787439332219747,3.128643588368174e-05,154,,,0.0036254144744871653,0.0009076349981387288
0.9985467195510864,0.9988085819645971,2.2124999999650896e-05,2.2103066293340028e-05,-6.546560337761242e-05,0.00011915281925546722,1.1649098047783468e-05,154,,,0.0019830446969910653,0.0014754054489132251
0.9978625178337097,0.9986193691384196,2.2041999999888873e-05,2.2090853034649797e-05,-0.00018921282617745394,0.0001182150748467443,-5.478909329641457e-05,154,,,0.002236966041931243,0.002159524166290172
0.9990730881690979,0.9987101129445554,2.2041999999888873e-05,2.2081082427697613e-05,9.074380613571797e-05,8.951498148210831e-05,-2.9602453836341526e-05,154,,,0.002746209522247245,0.0009489538309019885
0.9990991950035095,0.9987879293563462,2.2292000000145862e-05,2.2123265942187263e-05,7.781641179083199e-05,8.072535565114857e-05,-5.1973706313379605e-06,154,,,0.0034971626510622578,0.0009230969964906244
0.9985440373420715,0.9987391509534913,2.2041999999888873e-05,2.2107012753727585e-05,-4.877840285488766e-05,7.921655125623396e-05,-2.6979322896680812e-05,154,,,0.004752221446807869,0.0014780046579283557
0.9986768364906311,0.9987266880609194,2.225000000022348e-05,2.2135610203026766e-05,-1.2462892571951656e-05,8.05720293941547e-05,-1.6378780735548658e-05,154,,,0.0024800445972594787,0.00134541350936912
0.9996225833892822,0.998905867126592,2.4790999999968477e-05,2.266668816241511e-05,0.00017917906567266328,8.235695377415125e-05,5.729959763447479e-05,154,,,0.00304420425814822,0.0004022076107177419
0.9972914457321167,0.9985829828476971,2.2374999999907885e-05,2.2608350529913666e-05,-0.00032288427889493043,9.766174878539325e-05,-2.5426019371654895e-05,154,,,0.0026545879974362308,0.0027309292678832087
0.9995893239974976,0.9987842510776572,2.2041999999888873e-05,2.2495080423908707e-05,0.0002012682299601387,9.63251284838244e-05,-7.356557377935502e-07,154,,,0.004342315746490577,0.0004327180025023303
0.9996614456176758,0.998959689985661,2.195800000004411e-05,2.238766433913579e-05,0.0001754389080037555,0.00010952910403069586,4.410780643393508e-05,154,,,0.003508333347503889,0.00036051238232426286
0.9988303184509277,0.9989338156787144,2.2167000000017367e-05,2.2343531471312105e-05,-2.5874306946560566e-05,0.00012067843365617922,4.14255235590133e-05,154,,,0.0009861922224123632,0.001191848549072283
0.9997261762619019,0.999092287795352,2.1790999999993232e-05,2.223302517704833e-05,0.00015847211663755356,0.00014132647568024112,3.728413375199135e-05,154,,,0.008670167003631324,0.00029561473809813776
0.9994345307350159,0.9991607363832848,2.1541000000180333e-05,2.2094620141674732e-05,6.844858793286779e-05,0.00016774952535647327,0.000115550707117551,154,,,0.0019790982090146514,0.0005870102649843112
0.9987178444862366,0.9990721580038753,2.1625000000025096e-05,2.200069611334481e-05,-8.857837940956514e-05,0.000175773958905318,5.758138524361023e-05,154,,,0.0011728505744930118,0.0013037805137634528
0.9989153742790222,0.9990408012589047,2.1917000000204467e-05,2.198395689071674e-05,-3.135674497056762e-05,0.0001721552917994216,1.6222254648745604e-05,154,,,0.003015349353790331,0.0011065427209779877
0.9986259937286377,0.9989578397528514,2.508299999970376e-05,2.2603765512514144e-05,-8.296150605335839e-05,0.00015885629464216152,4.804814827386039e-06,154,,,0.0005729901275635108,0.0013990892713620084
0.9980431199073792,0.998774895783757,2.204100000025022e-05,2.249121241006136e-05,-0.0001829439690943513,0.00016706315235520466,-6.347840231899494e-05,154,,,0.001954355793182483,0.0019789210926211
0.9977988004684448,0.9985796767206947,2.2167000000017367e-05,2.242636992805256e-05,-0.00019521906306230186,0.00016776313279355537,-0.00011621193251802886,154,,,0.0046703345487668635,0.002223366531555193
0.9989029765129089,0.9986443366791375,2.199999999996649e-05,2.2341095942435347e-05,6.465995844284755e-05,0.00018477531622825417,-8.556426494754632e-05,154,,,0.0034462134937132127,0.001119023487091031
0.9972113370895386,0.9983577367612178,2.2290999999619032e-05,2.2331076753872084e-05,-0.0002865999179197942,0.000249339922501597,-0.00013661289953739164,154,,,0.004422744575134363,0.002810953910461045
0.9986852407455444,0.9984232375580832,2.1792000000075973e-05,2.2223261403112864e-05,6.550079686540311e-05,0.0002797152743654689,-0.00010692043895363935,154,,,0.0021407947963560936,0.0013365512544556424
0.999083399772644,0.9985552700009953,2.2082999999728514e-05,2.2195209122435995e-05,0.00013203244291215555,0.0002718761889983448,-4.392515655233797e-05,154,,,0.005292223156341258,0.0009386832273556855
0.997549295425415,0.9983540750858793,2.2125000000094985e-05,2.2181167297967793e-05,-0.00020119491511605414,0.00025940462775523904,-4.512032696308843e-05,154,,,0.0047474777030944715,0.002472829574585056
0.9983119368553162,0.9983456474397667,2.199999999996649e-05,2.214493383836753e-05,-8.427646112529885e-06,0.0002392324204978948,-5.973784787416392e-05,154,,,0.0005956334037779953,0.0017100631446838044
0.9972972273826599,0.9981359634283453,2.2167000000017367e-05,2.21493470706975e-05,-0.00020968401142140713,0.0002274946257777965,-4.43546665744865e-05,154,,,0.0022139530908509286,0.0027249396173401053
0.9992774128913879,0.9983642533209539,2.3959000000406405e-05,2.2511277656639283e-05,0.00022828989260859078,0.00017503997562176332,-1.1796847425848966e-05,154,,,0.0016172675971986017,0.000746546108612467
0.9975279569625854,0.9981969940492803,2.3459000000336516e-05,2.270082212537873e-05,-0.00016725927167360322,0.0001534612868227127,-7.165519034300072e-05,154,,,0.00307679974365227,0.0024955020374148873
0.9989463686943054,0.9983468689782854,2.2416999999830267e-05,2.2644057700269037e-05,0.00014987492900508936,0.00014093603204479835,-1.4412215187720178e-06,154,,,0.003702857047668484,0.0010760483056944103
0.9991829991340637,0.9985140950094411,2.2292000000145862e-05,2.2573646160244403e-05,0.00016722603115570944,0.00011961240096662452,3.3689513934875846e-05,154,,,0.0036406544263916096,0.0008392928659364252
0.9979771971702576,0.9984067154416045,2.2041999999888873e-05,2.2467316928173297e-05,-0.0001073795678365741,0.00012044333555478437,5.415040265184245e-05,154,,,0.0032844945110168666,0.0020448448297423205
0.9993669390678406,0.9985987601668518,2.1792000000075973e-05,2.2332253542553833e-05,0.00019204472524725347,0.0001390966795960916,4.690136917957499e-05,154,,,0.001999149532501132,0.0006548529321594998
0.9978954792022705,0.9984581039739355,2.199999999996649e-05,2.2265802834036363e-05,-0.0001406561929162553,0.00012972189031996924,5.2221984931044574e-05,154,,,0.003020933585754726,0.0021265207977294587
0.999813973903656,0.9987292779598796,2.1916999999760378e-05,2.2196042267181165e-05,0.00027117398594411757,0.00016775439776205273,7.648179631885022e-05,154,,,0.0012905999339904994,0.00020794309634375452
0.9991250038146973,0.9988084231308432,2.195800000004411e-05,2.2148433813753754e-05,7.91451709635238e-05,0.00020369248619967883,5.886562428041309e-05,154,,,0.0027802382162174233,0.0008969541853027785
0.9992486834526062,0.9988964751951959,2.2708000000370987e-05,2.22603470510772e-05,8.805206435269497e-05,0.00021183632617665477,9.79519507182669e-05,154,,,0.0037407851369937184,0.0007740245473941698
0.9989057779312134,0.9988983357423994,2.2332999999985503e-05,2.2274877640858863e-05,1.8605472035249093e-06,0.00022940974612978344,5.991511510952119e-05,154,,,0.003220362773895147,0.0011165550687866066
0.9979455471038818,0.9987077780146959,2.2125000000094985e-05,2.224490211270609e-05,-0.00019055772770348867,0.0001908691736073863,4.993480815207452e-05,154,,,0.004289625240508688,0.002076577896118259
0.9987921118736267,0.9987246447864822,2.1832999999915614e-05,2.2162521690147996e-05,1.686677178625029e-05,0.00016550978951138066,-9.266346794989389e-07,154,,,0.003986725017181669,0.0012297211263732066
0.9978934526443481,0.9985584063580555,2.2167000000017367e-05,2.216341735212187e-05,-0.00016623842842666825,0.00016171200120465107,-5.000335455753735e-05,154,,,0.0030199854696348893,0.002128714355651873
0.9992828369140625,0.9987032924692569,2.2292000000145862e-05,2.218913388172667e-05,0.00014488611120144768,0.00013392005417581278,-3.863654518778681e-05,154,,,0.001814113319763333,0.0007394550859376459
0.9980018734931946,0.9985630086740445,3.745900000007296e-05,2.524310710539593e-05,-0.00014028379521247025,0.00013723415971759524,-6.706541367098584e-05,154,,,0.0019316108016971256,0.002035585506805493
0.997893214225769,0.9984290497843894,2.3457999999809687e-05,2.4886085684278685e-05,-0.00013395888965506142,0.00014262731480767083,-5.5745646061300394e-05,154,,,0.0009244740907590199,0.0021302437742307667
0.998525083065033,0.9984482564405182,2.3917000000039934e-05,2.4692268547430936e-05,1.9206656128756272e-05,0.00016096471600602876,-5.5277669192799196e-05,154,,,0.0024610995065614816,0.001498833934967081
0.9991415739059448,0.9985869199336036,2.3124999999790674e-05,2.4378814837902884e-05,0.00013866349308544468,0.0001560769672681375,5.702715109623391e-06,154,,,0.005043953834350301,0.0008815510940549665
0.9956644773483276,0.9980024314165484,2.274999999984928e-05,2.405305187029216e-05,-0.0005844885170551706,0.00022916253842272043,-0.00014017221054170027,154,,,0.003480252304077336,0.0043582726516722126
0.9971781969070435,0.9978375845146475,2.3124999999790674e-05,2.3867441496191867e-05,-0.00016484690190088358,0.0002871832104688553,-0.00014508483187938292,154,,,0.004304631099517842,0.0028449280929563336
0.9977502226829529,0.9978201121483086,2.3708000000066676e-05,2.383555319696683e-05,-1.747236633897753e-05,0.00032971984033590087,-0.00012178752721616614,154,,,0.0016262787818908109,0.002273485317047186
0.9983769059181213,0.9979314709022712,2.429199999998133e-05,2.392684255756973e-05,0.0001113587539626204,0.00032963662351509455,-0.00010335710764939333,154,,,0.0019042444265440217,0.0016473860818786434
0.9992027878761292,0.9981857342970428,2.433300000026506e-05,2.4008074046108798e-05,0.0002542633947716366,0.0003178195973779318,-8.023712731215493e-05,154,,,0.0061971552465514,0.0008215451238711147
0.9991689324378967,0.9983823739252137,2.379199999991144e-05,2.3964859236869328e-05,0.00019663962817084712,0.0002850170886444084,7.598850173304861e-05,154,,,0.0021315949138487333,0.0008548595621031829
0.9993215799331665,0.9985702151268043,2.3207999999996787e-05,2.3813487389494822e-05,0.00018784120159065498,0.0002858945119776407,0.00014652612243135633,154,,,0.0030276843526912955,0.0007016280668334929
0.9988749027252197,0.9986311526464875,2.3209000000079527e-05,2.3692589911611763e-05,6.093751968316852e-05,0.0003064071426832299,0.00016220809963578552,154,,,0.0017526768381044278,0.001148306274780353
0.9990839958190918,0.9987217212810083,2.4124999999930452e-05,2.37790719292755e-05,9.056863452083785e-05,0.00033470356156595996,0.00015805007574742902,154,,,0.004444782085235577,0.0009401291809081336
0.9977342486381531,0.9985242267524373,2.5291999999677017e-05,2.4081657543355806e-05,-0.00019749452857098504,0.0003291937085424579,6.769849107890469e-05,154,,,0.0021975359537051986,0.002291043361846601
0.998888373374939,0.9985970560769377,2.3416999999970045e-05,2.3948726034678655e-05,7.28293245003675e-05,0.0003308711443304904,4.293643034480876e-05,154,,,0.001851726711273205,0.0011350436250610052
0.9993460774421692,0.9987468603499841,2.4124999999930452e-05,2.3983980827729017e-05,0.00014980427304633892,0.00031004262729498365,3.532904463594555e-05,154,,,0.0012951501197813187,0.000678047557830741
0.9983387589454651,0.9986652400690803,2.45840000001607e-05,2.4103984662215353e-05,-8.162028090374918e-05,0.0002460027744513324,6.817484518562012e-06,154,,,0.0017248146785586727,0.0016858250545350728
0.9984467029571533,0.998621532646695,2.3917000000039934e-05,2.4066587729780272e-05,-4.3707422385352857e-05,0.00015973898217627866,-2.0037726862676132e-05,154,,,0.0012740604244383391,0.0015772140428467196
0.9987604022026062,0.9986493065578773,2.300000000010627e-05,2.3853270183845474e-05,2.77739111823605e-05,9.864126296052195e-05,2.5015961087992977e-05,154,,,0.008282144394287094,0.001262597797393905
0.9979713559150696,0.9985137164293159,2.3458000000253776e-05,2.3774216147127137e-05,-0.00013559012856145802,7.26487278036581e-05,-1.6667929524372127e-05,154,,,0.0031310503881529783,0.0020521020849306737
0.9987625479698181,0.9985634827374164,3.21250000001605e-05,2.544437291773381e-05,4.9766308100496204e-05,7.317428140274789e-05,-3.667552251354067e-05,154,,,0.005553576640899394,0.0012695770301820453
0.9992994666099548,0.998710679511924,2.5166999999992612e-05,2.538889833418557e-05,0.0001471967745076963,7.775937965319435e-05,9.087888568748426e-06,154,,,0.0025944328649600834,0.0007257003900451586
0.998529314994812,0.9986744066085017,2.408300000000807e-05,2.5127718667350072e-05,-3.6272903422340796e-05,7.343793126966155e-05,1.0574792361350837e-05,154,,,0.0009609149929197258,0.0014947680051879964
0.9974879622459412,0.9984371177359896,2.5749999999824524e-05,2.5252174933844965e-05,-0.00023728887251206476,8.865923061043984e-05,-4.2437764377534216e-05,154,,,0.00256865377426152,0.0025377877540586624
0.9993314743041992,0.9986159890496316,0.00010779200000010647,4.1760139947097266e-05,0.0001788713136419151,8.839480684772448e-05,2.0454524063140412e-05,154,,,0.0020584456674499485,0.0007763176958008877
0.9987812042236328,0.9986490320844318,2.775000000010408e-05,3.895811195769863e-05,3.304303480022863e-05,7.867404521284927e-05,1.71098694030869e-05,154,,,0.0022306891137997553,0.0012465457763672916
0.9996946454048157,0.9988581547485086,2.433299999982097e-05,3.60330895661231e-05,0.00020912266407679958,0.00010802052429157863,2.949504731690755e-05,154,,,0.0014536496847230573,0.00032968759518414714
0.9987506866455078,0.9988366611279085,2.3374999999603574e-05,3.3501471652819194e-05,-2.1493620600110397e-05,0.00012448960857961209,3.245090388135363e-05,154,,,0.0025050527576291337,0.001272688354491791
0.9984286427497864,0.9987550574522841,2.3625000000304652e-05,3.1526177322316284e-05,-8.160367562437543e-05,0.0001283410015371361,6.35879432588915e-05,154,,,0.0011743327373352486,0.0015949822502139277
0.9982895255088806,0.9986619510636034,2.333300000012528e-05,2.9887541857878083e-05,-9.310638868065269e-05,0.0001186161132196267,9.192402794377941e-06,154,,,0.002983214729492367,0.00173380749111951
0.9975855350494385,0.9984466678607705,2.512500000007023e-05,2.8935033486316516e-05,-0.00021528320283292768,0.00013391247334686306,-4.047284473225332e-05,154,,,0.001074321864715344,0.0024395899505615937
0.9991096258163452,0.9985792594518855,2.379199999991144e-05,2.7906426789035502e-05,0.00013259159111500551,0.00013518529421508295,-5.577905932461213e-05,154,,,0.0015369485589906695,0.0009141661836546966
0.9994345903396606,0.9987503256294405,2.3457999999809687e-05,2.7016741431190342e-05,0.00017106617755502374,0.00013835704958378784,-1.726709969358531e-05,154,,,0.006890034450531157,0.0005888676603391652
0.9991862773895264,0.9988375159814578,2.3082999999868292e-05,2.6229993144925933e-05,8.719035201720793e-05,0.00012570352388638638,1.6491705834731363e-05,154,,,0.004173827857788304,0.0008368056104735011
0.9986883401870728,0.9988076808225808,2.2834000000138133e-05,2.5550794515968375e-05,-2.9835158877000723e-05,0.00012618887903047212,2.9145951795461754e-05,154,,,0.002359619354431075,0.0013344938129273842
0.9978847503662109,0.9986230947313068,2.3667000000227034e-05,2.5174035612820106e-05,-0.00018458609127391945,0.00012784031343526044,3.52853741072634e-05,154,,,0.001914657867248426,0.0021389166337892895
0.9990120530128479,0.998700886387615,2.2125000000094985e-05,2.456422849027508e-05,7.77916563081682e-05,0.00011868629239874136,2.4325387145895937e-05,154,,,0.0013284840927121344,0.0010100719871521946
0.9984942674636841,0.998659562602829,2.150000000034069e-05,2.3951382792288205e-05,-4.1323784786051476e-05,0.00010984308388456745,-1.8152605322319103e-05,154,,,0.004752388911834604,0.0015272325363162587
0.9985905885696411,0.9986457677961914,2.175000000015359e-05,2.3511106233861283e-05,-1.3794806637545953e-05,0.00010746150397330191,-3.834963705326988e-05,154,,,0.005621007400146372,0.0014311614303590403
0.996263861656189,0.998169386568191,2.2167000000017367e-05,2.32422849870925e-05,-0.00047638122800042204,0.00018520775392308705,-0.00012765885087795414,154,,,0.006364766739074934,0.0037583053438110525
0.9977864027023315,0.9980927897950191,2.2874999999977774e-05,2.3168827989669556e-05,-7.659677317184421e-05,0.00024079632420759305,-0.00010606098725753909,154,,,0.0018919598464965937,0.002236472297668435
0.9990032911300659,0.9982748900620286,2.2459000000196738e-05,2.3026862391774996e-05,0.00018210026700948845,0.0002583970294891609,-8.519926511727505e-05,154,,,0.0006521122816165459,0.0010191678699342788
0.9987014532089233,0.9983602026914076,2.2292000000145862e-05,2.287988991344917e-05,8.53126293789419e-05,0.0002555764209996773,-5.987198228427637e-05,154,,,0.0012371683118894694,0.001320838791076806
0.9987201690673828,0.9984321959666027,2.2417000000274356e-05,2.278731193081421e-05,7.199327519513687e-05,0.00023267358128214655,-4.2714365917739805e-05,154,,,0.004012046177276574,0.0013022479326174619
0.998173713684082,0.9983804995100987,2.2667000000087256e-05,2.2763249544668822e-05,-5.169645650404675e-05,0.00020561649752614392,4.2222588381535256e-05,154,,,0.004511651309784259,0.001848953315918056
0.9986576437950134,0.9984359283670816,2.2374999999907885e-05,2.2685599635716634e-05,5.542885698295308e-05,0.00019583108012454525,6.862771441249472e-05,154,,,0.0010511902387695393,0.0013647312049864802
0.9982938170433044,0.9984075061023263,2.2165999999934627e-05,2.258167970856023e-05,-2.8422264755301185e-05,0.00017127166834178517,2.6523208059536786e-05,154,,,0.0017914987640379465,0.0017283489566954913
0.9993617534637451,0.9985983555746101,2.225000000022348e-05,2.2515343766892882e-05,0.0001908494722837606,0.0001622368801977784,4.763057664050052e-05,154,,,0.010599115680694382,0.0006604965362551063
0.9976606369018555,0.9984108118400592,2.220799999985701e-05,2.245387501348571e-05,-0.0001875437345508768,0.00013707226088008646,-4.276825308702214e-06,154,,,0.004075135147461051,0.0023615710981443883
0.9982380270957947,0.9983762548912063,2.2125000000094985e-05,2.2388100010807564e-05,-3.455694885290406e-05,0.00012210163792149566,-8.489237784736759e-07,154,,,0.0023501718670044802,0.0017840979042054173
0.9982783794403076,0.9983566798010266,2.2415999999747527e-05,2.2393680008595556e-05,-1.9575090179690946e-05,7.860763721049056e-05,-1.584971321100248e-05,154,,,0.0006930925561827728,0.0017440365596921303
0.9992169141769409,0.9985287266762095,2.2375000000351974e-05,2.238994400694684e-05,0.0001720468751829074,7.387459170083159e-05,2.4244114776639236e-05,154,,,0.0022163546487732333,0.000805460823059434
0.9993783235549927,0.9986986460519662,2.229100000006312e-05,2.2370155205570097e-05,0.0001699193757567219,0.00010549323461662038,2.0058095471231496e-05,154,,,0.0016029096679690547,0.0006439674450073873
0.9984187483787537,0.9986426665173238,2.1916999999760378e-05,2.2279524164408155e-05,-5.597953464242522e-05,0.00011763274290146716,4.6370935452921815e-05,154,,,0.002850059650604031,0.0016031686212460983
0.9986514449119568,0.9986444221962505,2.2208000000301098e-05,2.2265219331586745e-05,1.7556789266848227e-06,0.00012109467165308473,5.363346100883959e-05,154,,,0.002061627014160017,0.001370763088043514
0.9976428151130676,0.998444100779614,2.225000000022348e-05,2.2262175465314094e-05,-0.00020032141663650638,0.00012061866351388524,1.7484195717476504e-05,154,,,0.0004941088565675322,0.0023794348869325965
0.998004674911499,0.9983562156059911,2.2957999999739798e-05,2.2401340372199234e-05,-8.78851736229036e-05,0.00012587851375264405,-3.45022140436857e-05,154,,,0.0011061640933838213,0.0020182830885007164
0.9990206956863403,0.9984891116220609,3.354199999971996e-05,2.4629472297703382e-05,0.0001328960160698056,0.00012204428442739815,-4.1906885981068954e-05,154,,,0.001858667804718106,0.001012846313659388
0.9993463158607483,0.9986605524697985,2.4959000000102094e-05,2.4695377838183124e-05,0.0001714408477375695,0.0001277298272390747,3.5771904949299937e-06,154,,,0.0009507783432005645,0.0006786431392518111
0.9980881810188293,0.9985460781796047,2.3917000000039934e-05,2.453970227055449e-05,-0.00011447429019373345,0.00011847852564094746,-1.966880332915366e-05,154,,,0.006518640072052051,0.0019357359811706942
0.9987386465072632,0.9985845918451365,2.329200000028564e-05,2.4290161816500723e-05,3.851366553175861e-05,0.00010249608054513774,2.8098213104499336e-05,154,,,0.0030703306272585884,0.001284645492737102
0.9980530142784119,0.9984782763317916,2.2666999999643167e-05,2.3965529453129212e-05,-0.00010631551334483458,0.00010509584096827781,2.441214516011314e-05,154,,,0.004114444957549868,0.001969652721587778
0.9997441172599792,0.9987314445174292,2.299999999966218e-05,2.377242356243581e-05,0.0002531681856375867,0.00010994420480798884,4.846657907366936e-05,154,,,0.0020788580821839986,0.00027888274002041413
0.998482346534729,0.9986816249208893,2.220799999985701e-05,2.345953884992005e-05,-4.981959653993506e-05,0.00011351651785509523,4.214490218168443e-06,154,,,0.0010452486114500559,0.001539861465270853
0.99910968542099,0.9987672370209095,2.3708000000066676e-05,2.3509231079949376e-05,8.561210002022701e-05,0.00012758073502372124,4.4231768260960536e-05,154,,,0.0012178100812985093,0.0009140225790100764
0.9986841082572937,0.9987506112681864,2.1916999999760378e-05,2.319078486391158e-05,-1.6625752723098408e-05,0.0001295138235319232,3.320388460998913e-05,154,,,0.0011609050176697444,0.0013378087427060592
0.998843252658844,0.9987691395463181,2.2417000000274356e-05,2.3036027891184138e-05,1.852827813164648e-05,0.00010774381729378936,5.817264290528534e-05,154,,,0.0016357166179505889,0.0011791643411562802
0.999153196811676,0.9988459509993898,2.2332999999985503e-05,2.2895422312944414e-05,7.681145307170123e-05,0.00010900247171290105,2.290129639210825e-05,154,,,0.001454559265319677,0.0008691361883239601
0.9998036026954651,0.9990374813386049,2.304199999958456e-05,2.2924737850272444e-05,0.00019153033921515128,0.00015193865127411434,7.117128354312552e-05,154,,,0.0026833804359438496,0.00021943930453449667
0.9991253018379211,0.9990550454384681,2.2125000000094985e-05,2.2764790280236953e-05,1.7564099863198734e-05,0.00016962469913880149,5.7561683511719866e-05,154,,,0.0019903979986266584,0.0008968231620789524
0.9980849623680115,0.9988610288243769,2.2416999999830267e-05,2.2695232224155614e-05,-0.00019401661409124138,0.00015934745916839529,2.2083511238091268e-05,154,,,0.0005089795991821688,0.0019374546319883557
0.9990759491920471,0.998904012897911,2.2415999999747527e-05,2.2639385779273995e-05,4.2984073534091394e-05,0.00012041194965502165,2.697467031858025e-05,154,,,0.0003537562902526936,0.0009464668079526284
0.9993457794189453,0.9989923662021178,2.199999999996649e-05,2.2511508623412493e-05,8.835330420686738e-05,0.00012224028750554728,2.928304054561348e-05,154,,,0.0008391767498170388,0.000676220581054654
0.9980444312095642,0.9988027792036072,2.908299999981878e-05,2.3825806898693752e-05,-0.0001895869985106824,0.00010856000216533236,-4.694042699955325e-05,154,,,0.004334107910155982,0.00198465179043561
