step,reliability,smoothed_reliability,latency,smoothed_latency,active_model,controller_state,deriv,fast_J,robust_J,timestamp
0,0.6456639766693115,0.6456639766693115,5.774999999985653e-05,5.774999999985653e-05,robust,StabilityState.DEGRADED,0.0,0.35439377333068833,0.2038275829736631,1770136133.451373
1,0.7702472805976868,0.6705806374549866,2.204100000025022e-05,5.060819999993527e-05,fast,StabilityState.STABLE,0.024916660785675115,0.08311998081607053,0.22977476040231348,1770136133.452275
2,0.8323265314102173,0.7029298162460328,2.3500000000176158e-05,4.518655999998345e-05,fast,StabilityState.STABLE,0.03234917879104615,0.1676969685897829,0.1940303387908937,1770136133.453197
3,0.8131333589553833,0.7249705247879029,2.3458000000253776e-05,4.0840848000037515e-05,robust,StabilityState.DEGRADED,0.022040708541870124,0.18689009904461695,0.08541944570904514,1770136133.454182
4,0.9085577726364136,0.761687974357605,2.1666999999947478e-05,3.700607840001951e-05,robust,StabilityState.DEGRADED,0.03671744956970213,0.10619159152966295,0.09146389436358637,1770136133.455122
5,0.900126039981842,0.7893755874824525,2.1666999999947478e-05,3.3938262720005106e-05,robust,StabilityState.DEGRADED,0.027687613124847466,0.06560671748352043,0.0998956270181579,1770136133.456037
6,0.8264020085334778,0.7967808716926577,2.274999999984928e-05,3.170061017597394e-05,robust,StabilityState.DEGRADED,0.007405284210205143,0.5725933732816619,0.17362074146652207,1770136133.460994
7,0.829957127571106,0.8034161228683474,2.2125000000094985e-05,2.9785488140798152e-05,robust,StabilityState.DEGRADED,0.006635251175689749,0.1050225603065491,0.17006499742889414,1770136133.462395
8,0.8861454725265503,0.819961992799988,2.2874999999977774e-05,2.8403390512634076e-05,robust,StabilityState.DEGRADED,0.016545869931640644,0.13777885754013086,0.11387740247344968,1770136133.463372
9,0.8560172915458679,0.8271730525491641,2.1792000000075973e-05,2.7081112410122457e-05,robust,StabilityState.DEGRADED,0.007211059749176019,0.35308366274642955,0.14400450045413216,1770136133.46433
10,0.9998494982719421,0.8617083416937197,2.1874999999837996e-05,2.6039889928065568e-05,robust,StabilityState.DEGRADED,0.034535289144555614,0.0005777826614381532,0.00017237672805769932,1770136133.4652538
11,0.9997880458831787,0.8893242825316116,2.1874999999837996e-05,2.5206911942420056e-05,robust,StabilityState.DEGRADED,0.027615940837891872,0.00047767604428106125,0.00023382911682112706,1770136133.466175
12,0.9998664855957031,0.9114327231444299,2.1792000000075973e-05,2.452392955395124e-05,robust,StabilityState.DEGRADED,0.02210844061281836,0.00016513344992041823,0.00015530640429695097,1770136133.467096
13,0.9998181462287903,0.929109807761302,2.1541999999818984e-05,2.392754364312479e-05,robust,StabilityState.DEGRADED,0.01767708461687212,0.00035933619653327753,0.00020339577120953578,1770136133.468422
14,0.9998271465301514,0.943253275515072,2.1790999999993232e-05,2.350023491449848e-05,robust,StabilityState.DEGRADED,0.014143467753769956,7.362897128304624e-05,0.00019464446984862604,1770136133.469335
15,0.9998359680175781,0.9545698140155733,2.1665999999864738e-05,2.3133387931571734e-05,robust,StabilityState.DEGRADED,0.011316538500501294,9.60810852048688e-05,0.00018569798242173974,1770136133.470242
16,0.9998642802238464,0.963628707257228,2.1665999999864738e-05,2.2839910345230336e-05,robust,StabilityState.DEGRADED,0.009058893241654764,0.0003007038307192289,0.0001573857761534292,1770136133.471194
17,0.9998951554298401,0.9708819968917505,2.1833999999998355e-05,2.2638728276183943e-05,robust,StabilityState.DEGRADED,0.007253289634522431,0.0001406457559505192,0.00012667857015991046,1770136133.472146
18,0.9997925162315369,0.9766641007597078,2.175000000015359e-05,2.2460982620977873e-05,robust,StabilityState.DEGRADED,0.0057821038679573,0.0004309341888428797,0.00022923376846328836,1770136133.4730518
19,0.999695360660553,0.9812703527398768,2.1292000000006084e-05,2.2227186096783514e-05,robust,StabilityState.DEGRADED,0.004606251980169063,0.00031413224792453676,0.00032593133944702757,1770136133.473962
20,0.9997761845588684,0.9849715191036752,2.1541999999818984e-05,2.2090148877390607e-05,robust,StabilityState.DEGRADED,0.0037011663637983583,0.00015460126495359106,0.0002453574411314108,1770136133.474893
21,0.9999008178710938,0.987957378857159,2.1499999999896602e-05,2.1972119101891807e-05,robust,StabilityState.DEGRADED,0.002985859753483755,0.0002539388124391806,0.0001206821289061466,1770136133.475796
22,0.9997563362121582,0.9903171703281588,2.1790999999993232e-05,2.1935895281512092e-05,robust,StabilityState.DEGRADED,0.00235979147099985,0.00037972198504654386,0.0002654547878417901,1770136133.4771001
23,0.9998995065689087,0.9922336375763088,2.2125000000094985e-05,2.197371622522867e-05,robust,StabilityState.DEGRADED,0.0019164672481499778,0.00020229170208718728,0.00012261843109140358,1770136133.478587
24,0.9997421503067017,0.9937353401223874,2.1916000000121727e-05,2.1962172980207284e-05,robust,StabilityState.DEGRADED,0.0015017025460786204,0.00017359630947844096,0.00027976569329846157,1770136133.479531
25,0.9997735619544983,0.9949429844888097,2.1915999999677638e-05,2.1952938384101356e-05,robust,StabilityState.DEGRADED,0.0012076443664222891,0.00019960832995602473,0.0002483540455013866,1770136133.480452
26,0.9997789263725281,0.9959101728655534,2.2041999999888873e-05,2.197075070725886e-05,robust,StabilityState.DEGRADED,0.0009671883767436995,0.00012675284939556164,0.0002431156274718127,1770136133.481365
27,0.9994221925735474,0.9966125768071522,2.1541000000180333e-05,2.1884800565843156e-05,robust,StabilityState.DEGRADED,0.000702403941598817,0.00020164067858896573,0.000599348426452817,1770136133.482291
28,0.9998906254768372,0.9972681865410893,2.1583000000102714e-05,2.182444045269507e-05,robust,StabilityState.DEGRADED,0.0006556097339370792,0.00034460905856326107,0.0001309575231629445,1770136133.483199
29,0.9995887875556946,0.9977323067440104,2.1583000000102714e-05,2.1776152362176603e-05,robust,StabilityState.DEGRADED,0.00046412020292108114,0.00010874645596326005,0.00043279544430552264,1770136133.4841092
30,0.9998887777328491,0.9981636009417781,2.5416999999805512e-05,2.2504321889702386e-05,robust,StabilityState.DEGRADED,0.0004312941977677731,0.00036351531237777124,0.00013663926715068442,1770136133.485041
31,0.999841570854187,0.99849919492426,2.170800000023121e-05,2.2345057511808152e-05,robust,StabilityState.DEGRADED,0.000335593982481841,0.00011044001388560432,0.0001801371458132195,1770136133.48595
32,0.9998162984848022,0.9987626156363685,2.1917000000204467e-05,2.2259446009487418e-05,robust,StabilityState.DEGRADED,0.0002634207121084975,0.00037273666018666773,0.00020561851519795837,1770136133.48686
33,0.9998452067375183,0.9989791338565985,2.1375000000212196e-05,2.2082556807632373e-05,robust,StabilityState.DEGRADED,0.0002165182202300553,0.00018821851712003124,0.00017616826248190165,1770136133.487799
34,0.9997998476028442,0.9991432766058477,2.150000000034069e-05,2.196604544617404e-05,robust,StabilityState.DEGRADED,0.00016414274924914096,0.0004955270191344674,0.0002216523971561024,1770136133.488727
35,0.9996638298034668,0.9992473872453715,2.175000000015359e-05,2.1922836356969948e-05,robust,StabilityState.DEGRADED,0.0001041106395238689,0.0003202961542050353,0.0003579201965333567,1770136133.489672
36,0.9997730851173401,0.9993525268197654,2.1917000000204467e-05,2.1921669085616853e-05,robust,StabilityState.DEGRADED,0.00010513957439384214,0.0003224655492855,0.0002488318826601166,1770136133.490581
37,0.9997835159301758,0.9994387246418476,2.195900000012685e-05,2.1929135268518855e-05,robust,StabilityState.DEGRADED,8.619782208219018e-05,0.00033985829162608283,0.0002384430698243456,1770136133.4914932
38,0.9998441934585571,0.9995198184051896,2.150000000034069e-05,2.1843308214883223e-05,robust,StabilityState.DEGRADED,8.109376334197727e-05,0.0005291802480771324,0.00017730654144321178,1770136133.492429
39,0.9998463988304138,0.9995851344902345,2.1499999999896602e-05,2.17746465718859e-05,robust,StabilityState.DEGRADED,6.53160850448975e-05,0.0003988306806639308,0.00017510116958607824,1770136133.4933388
40,0.9998605847358704,0.9996402245393617,2.4166999999852834e-05,2.225311725747929e-05,robust,StabilityState.DEGRADED,5.5090049127293206e-05,0.0004377044904786409,0.0001635822641294915,1770136133.4943502
41,0.9998758435249329,0.999687348336476,2.3500000000176158e-05,2.2502493806018664e-05,robust,StabilityState.DEGRADED,4.712379711424575e-05,0.00032023508453349336,0.00014765647506731483,1770136133.495327
42,0.9999279975891113,0.999735478187003,2.2374999999907885e-05,2.247699504479651e-05,robust,StabilityState.DEGRADED,4.812985052704555e-05,0.0005559188731996123,9.437741088857976e-05,1770136133.496278
43,0.9999132752418518,0.9997710375979729,2.220899999993975e-05,2.242339603582516e-05,robust,StabilityState.DEGRADED,3.555941096988757e-05,0.00032636880474878893,0.00010893375814813311,1770136133.4972181
44,0.999767541885376,0.9997703384554535,2.250000000003638e-05,2.2438716828667402e-05,robust,StabilityState.DEGRADED,-6.991425194335932e-07,0.0002890864831845974,0.0002549581146240598,1770136133.4985778
45,0.9998432993888855,0.9997849306421399,2.2416999999830267e-05,2.2434373462899975e-05,robust,StabilityState.DEGRADED,1.4592186686424036e-05,0.00015499966030896317,0.00017911761111433222,1770136133.4999092
46,0.9998951554298401,0.99980697559968,2.2084000000255344e-05,2.236429877037105e-05,robust,StabilityState.DEGRADED,2.2044957540101606e-05,0.0007718843383788254,0.00012692857016016745,1770136133.500845
47,0.9999229907989502,0.9998301786395342,2.175000000015359e-05,2.224143901632756e-05,robust,StabilityState.DEGRADED,2.3203039854147178e-05,0.00016214619445831246,9.875920104995828e-05,1770136133.502175
48,0.9995635747909546,0.9997768578698183,2.195800000004411e-05,2.218475121307087e-05,robust,StabilityState.DEGRADED,-5.3320769715869965e-05,0.00032897450256363925,0.00045838320904545427,1770136133.503115
49,0.9999105930328369,0.9998036049024221,2.224999999977939e-05,2.2197800970412576e-05,robust,StabilityState.DEGRADED,2.674703260385769e-05,7.645834313940725e-05,0.00011165696716286533,1770136133.5040529
50,0.9998393654823303,0.9998107570184038,2.2125000000094985e-05,2.2183240776349058e-05,robust,StabilityState.DEGRADED,7.152115981678975e-06,0.00020707072448722386,0.00018275951766977272,1770136133.505373
51,0.9999404549598694,0.999836696606697,2.1584000000185455e-05,2.206339262111634e-05,robust,StabilityState.DEGRADED,2.5939588293222293e-05,0.0001496960794376001,8.112904013080069e-05,1770136133.506304
52,0.999816358089447,0.9998326289032471,2.195900000012685e-05,2.2042514096918444e-05,robust,StabilityState.DEGRADED,-4.067703449961435e-06,0.000475320812042046,0.00020560091055310536,1770136133.507236
53,0.9998885989189148,0.9998438229063807,2.1625000000025096e-05,2.195901127753978e-05,robust,StabilityState.DEGRADED,1.1194003133652153e-05,7.537943630975263e-05,0.00013302608108523017,1770136133.508559
54,0.9999181032180786,0.9998586789687204,2.2041999999888873e-05,2.1975609022009597e-05,robust,StabilityState.DEGRADED,1.4856062339640985e-05,0.00040622142410295936,0.00010393878192127559,1770136133.5094988
55,0.9998489618301392,0.9998567355410042,2.195800000004411e-05,2.19720872176165e-05,robust,StabilityState.DEGRADED,-1.9434277162000413e-06,0.00020876281738280156,0.00017299616986088395,1770136133.510436
56,0.9998306632041931,0.9998515210736421,2.2958000000183887e-05,2.2169269774129977e-05,robust,StabilityState.DEGRADED,-5.2144673621246085e-06,0.0003365110132143023,0.00019229479580706865,1770136133.511434
57,0.9998323917388916,0.999847695206692,2.274999999984928e-05,2.2285415819273837e-05,robust,StabilityState.DEGRADED,-3.825866950024626e-06,0.00017938305319198378,0.00019035826110824772,1770136133.512415
58,0.9998789429664612,0.9998539447586459,2.2334000000068244e-05,2.229513265543272e-05,robust,StabilityState.DEGRADED,6.249551953829702e-06,0.0003196578752437951,0.0001433910335388866,1770136133.513351
59,0.9999078512191772,0.9998647260507522,2.220799999985701e-05,2.2277706124317577e-05,robust,StabilityState.DEGRADED,1.0781292106298856e-05,0.0002311090009765593,0.00011435678082261092,1770136133.514276
60,0.9998438954353333,0.9998605599276684,2.1832999999915614e-05,2.2188764899437187e-05,robust,StabilityState.DEGRADED,-4.1661230837375385e-06,0.0002490032083435345,0.00017793756466666366,1770136133.5151958
61,0.9997504353523254,0.9998385350125999,2.1583999999741366e-05,2.206781191949802e-05,robust,StabilityState.DEGRADED,-2.2024915068530326e-05,0.0008594435615538742,0.0002711486476743019,1770136133.5161102
62,0.9998845458030701,0.999847737170694,2.1832999999915614e-05,2.202084953558154e-05,robust,StabilityState.DEGRADED,9.202158094079316e-06,0.00017831789035005485,0.00013728719692984725,1770136133.5174148
63,0.9997720718383789,0.999832604104231,2.1665999999864738e-05,2.194987962843818e-05,robust,StabilityState.DEGRADED,-1.5133066462946765e-05,0.00019940032995613421,0.0002495941616209585,1770136133.5187168
64,0.9999006986618042,0.9998462230157457,2.1666999999947478e-05,2.189330370274004e-05,robust,StabilityState.DEGRADED,1.3618911514634569e-05,0.00017122972833272243,0.00012096833819574826,1770136133.5196328
65,0.9998877644538879,0.9998545313033741,2.1832999999915614e-05,2.1881242962175155e-05,robust,StabilityState.DEGRADED,8.308287628433497e-06,0.0005601862447814909,0.00013406854611197616,1770136133.520573
66,0.9999202489852905,0.9998676748397574,2.1540999999736243e-05,2.1813194369687374e-05,robust,StabilityState.DEGRADED,1.3143536383264376e-05,0.00014932540512102577,0.0001012920147092089,1770136133.5214899
67,0.9997280836105347,0.9998397565939129,2.1832999999915614e-05,2.1817155495733024e-05,robust,StabilityState.DEGRADED,-2.7918245844471556e-05,0.00023090655917368252,0.00029374938946524765,1770136133.5227919
68,0.9999148845672607,0.9998547821885825,2.145799999997422e-05,2.1745324396581265e-05,robust,StabilityState.DEGRADED,1.502559466959319e-05,0.0003519100112914231,0.00010657343273923203,1770136133.524095
69,0.9999105930328369,0.9998659443574334,2.1832999999915614e-05,2.1762859517248136e-05,robust,StabilityState.DEGRADED,1.1162168850886722e-05,0.0006092290534978062,0.00011123996716300155,1770136133.525011
70,0.9997373223304749,0.9998402199520418,2.1833999999998355e-05,2.177708761379818e-05,robust,StabilityState.DEGRADED,-2.5724405391613914e-05,0.00016743363571247727,0.00028451166952514484,1770136133.525928
71,0.999686598777771,0.9998094957171876,2.1666000000308827e-05,2.175487009110031e-05,robust,StabilityState.DEGRADED,-3.072423485417364e-05,0.0006805468597406161,0.00033506722222931273,1770136133.526846
72,0.9998390078544617,0.9998153981446425,2.1875000000726175e-05,2.1778896073025487e-05,robust,StabilityState.DEGRADED,5.902427454906878e-06,0.00046506278991742533,0.00018286714553905625,1770136133.527801
73,0.9999048113822937,0.9998332807921728,2.1832999999915614e-05,2.1789716858403514e-05,robust,StabilityState.DEGRADED,1.7882647530331752e-05,0.0003601472662042582,0.00011702161770621444,1770136133.528737
74,0.999879777431488,0.9998425801200359,2.1583999999741366e-05,2.1748573486671084e-05,robust,StabilityState.DEGRADED,9.29932786308818e-06,0.00024186825561578473,0.00014180656851170426,1770136133.529654
75,0.9998960494995117,0.9998532739959312,2.1499999999896602e-05,2.1698858789316188e-05,robust,StabilityState.DEGRADED,1.0693875895251281e-05,0.000462899883086898,0.00012545050048817785,1770136133.530569
76,0.9998587369918823,0.9998543665951214,2.1499999999896602e-05,2.1659087031432273e-05,robust,StabilityState.DEGRADED,1.092599190233301e-06,0.00023621283758590295,0.00016276300811757238,1770136133.5314791
77,0.9997442960739136,0.9998323524908799,2.1291000000367433e-05,2.158546962521931e-05,robust,StabilityState.DEGRADED,-2.201410424151895e-05,0.00038740519351154745,0.0002769949260867932,1770136133.532802
78,0.9998366832733154,0.9998332186473671,2.175000000015359e-05,2.1618375700206164e-05,robust,StabilityState.DEGRADED,8.661564872003424e-07,0.0001576292879024166,0.0001850667266847239,1770136133.533729
79,0.9997092485427856,0.9998084246264508,2.1291999999561995e-05,2.155310056007733e-05,robust,StabilityState.DEGRADED,-2.479402091626337e-05,0.00047343230056728913,0.00031204345721391746,1770136133.534646
80,0.9998770356178284,0.9998221468247264,2.166599999942065e-05,2.1575680447945994e-05,robust,StabilityState.DEGRADED,1.372219827555643e-05,0.00013942547589085308,0.0001446303821710515,1770136133.535946
81,0.9998027682304382,0.9998182711058688,2.1624999999581007e-05,2.1585544358272997e-05,robust,StabilityState.DEGRADED,-3.8757188575155865e-06,0.00019267681903034628,0.00021885676956134859,1770136133.5368562
82,0.9997983574867249,0.9998142883820401,2.141700000013458e-05,2.1551835486645316e-05,robust,StabilityState.DEGRADED,-3.982723828732659e-06,0.00014944005621320144,0.00022305951327528106,1770136133.537799
83,0.9999596476554871,0.9998433602367296,2.1667000000391567e-05,2.157486838939457e-05,robust,StabilityState.DEGRADED,2.9071854689477483e-05,0.0002817017629697105,6.201934451333102e-05,1770136133.538712
84,0.9996480345726013,0.9998042951039039,2.170800000023121e-05,2.1601494711561896e-05,robust,StabilityState.DEGRADED,-3.906513282569968e-05,0.0002963891334530899,0.00037367342739891285,1770136133.539626
85,0.9998751878738403,0.9998184736578912,2.1582999999658625e-05,2.1597795769181243e-05,robust,StabilityState.DEGRADED,1.417855398733181e-05,0.0005739375455933171,0.0001463951261593266,1770136133.540538
86,0.9998674392700195,0.999828266780317,2.1292000000450173e-05,2.1536636615435032e-05,robust,StabilityState.DEGRADED,9.793122425771905e-06,0.0006215088428351834,0.00015385272998091892,1770136133.54145
87,0.9997234344482422,0.9998073003139021,2.1667000000391567e-05,2.1562709292426342e-05,robust,StabilityState.DEGRADED,-2.096646641491784e-05,0.00019848309744308068,0.00029823255175820407,1770136133.542356
88,0.9998708963394165,0.999820019519005,2.6291000000178144e-05,2.2508367433976703e-05,robust,StabilityState.DEGRADED,1.271920510292901e-05,0.00024076518594373653,0.00015539466058367424,1770136133.5436878
89,0.9997735619544983,0.9998107280061037,2.175000000015359e-05,2.235669394721208e-05,robust,StabilityState.DEGRADED,-9.29151290129937e-06,0.0014493859401856213,0.0002481880455018626,1770136133.5446138
90,0.9999399781227112,0.9998365780294253,2.1916000000565816e-05,2.2268555157882827e-05,robust,StabilityState.DEGRADED,2.5850023321560833e-05,0.00032381885147092504,8.193787728938418e-05,1770136133.545532
91,0.9998916983604431,0.999847602095629,2.1667000000391567e-05,2.2148244126384576e-05,robust,StabilityState.DEGRADED,1.1024066203679794e-05,0.00014300275457834744,0.00012996863955727633,1770136133.546468
92,0.9998343586921692,0.9998449534149371,2.1292000000450173e-05,2.19769953011977e-05,robust,StabilityState.DEGRADED,-2.6486806918857297e-06,0.0002209236299437478,0.00018693330783126072,1770136133.5474079
93,0.999883234500885,0.9998526096321267,2.1625000000469186e-05,2.1906596241051998e-05,robust,StabilityState.DEGRADED,7.656217189677683e-06,0.00037848210144009187,0.00013839049911545942,1770136133.54832
94,0.9998222589492798,0.9998465394955575,2.19999999995224e-05,2.192527699274608e-05,robust,StabilityState.DEGRADED,-6.070136569280571e-06,0.0001507327537533243,0.00019974105071973725,1770136133.549236
95,0.9998703002929688,0.9998512916550397,2.1375000000212196e-05,2.1815221594239303e-05,robust,StabilityState.DEGRADED,4.75215948225749e-06,0.000392816634765758,0.0001510747070314622,1770136133.550147
96,0.9996209740638733,0.9998052281368065,2.1332999999401636e-05,2.1718777275271772e-05,robust,StabilityState.DEGRADED,-4.606351823321919e-05,0.00020712577093551232,0.0004003589361261106,1770136133.551054
97,0.9998505115509033,0.9998142848196259,2.1541999999818984e-05,2.1683421820181217e-05,robust,StabilityState.DEGRADED,9.056682819363893e-06,0.00015571614855947047,0.00017103044909649867,1770136133.551988
98,0.999642550945282,0.9997799380447572,2.141700000013458e-05,2.163013745617189e-05,robust,StabilityState.DEGRADED,-3.4346774868687646e-05,0.0003659357074585756,0.00037886605471815216,1770136133.552968
99,0.9999417066574097,0.9998122917672877,2.166699999950339e-05,2.163750996483819e-05,robust,StabilityState.DEGRADED,3.235372253052038e-05,0.00017557630920350675,7.996034258983542e-05,1770136133.5538821
100,0.8118152618408203,0.9622128857819943,2.145799999997422e-05,2.1601607971865396e-05,robust,StabilityState.DEGRADED,-0.03759940598529343,0.19731390316009456,0.18820619615917966,1770136133.554793
101,0.8965200781822205,0.9490743242620396,2.116699999987759e-05,2.1514686377467833e-05,robust,StabilityState.DEGRADED,-0.013138561519954628,0.3032577735975339,0.10350108881777942,1770136133.555702
102,0.9354032874107361,0.946340116891779,2.1542000000707162e-05,2.15201491021157e-05,robust,StabilityState.DEGRADED,-0.002734207370260644,0.1707810919569086,0.06461825458926462,1770136133.556607
103,0.9259447455406189,0.942261042621547,2.1541000000624422e-05,2.1524319281817442e-05,robust,StabilityState.DEGRADED,-0.004079074270232019,0.06652537368737832,0.07407679545938173,1770136133.557539
104,0.8005123734474182,0.9139113087867213,2.1249999999639613e-05,2.1469455425381876e-05,robust,StabilityState.DEGRADED,-0.02834973383482564,0.2885915082855224,0.19950887655258143,1770136133.558443
105,0.8949851989746094,0.910126086824299,2.1292000000450173e-05,2.1433964340395538e-05,robust,StabilityState.DEGRADED,-0.0037852219624223693,0.08365761494445767,0.10503609302539108,1770136133.559347
106,0.9289095997810364,0.9138827894156465,2.1792000000075973e-05,2.1505571472331626e-05,robust,StabilityState.DEGRADED,0.003756702591347527,0.26774566047286985,0.0711121922189637,1770136133.560253
107,0.8260419964790344,0.8963146308283241,2.170800000023121e-05,2.154605717791154e-05,robust,StabilityState.DEGRADED,-0.017568158587322413,0.2025959769893797,0.1739797115209658,1770136133.561175
108,0.9175735116004944,0.9005664069827582,2.145799999997422e-05,2.1528445742324078e-05,robust,StabilityState.DEGRADED,0.0042517761544341726,0.1930947954028932,0.08244794639950559,1770136133.562081
109,0.8849847316741943,0.8974500719210455,2.1249999999639613e-05,2.1472756593787184e-05,robust,StabilityState.DEGRADED,-0.003116335061712716,0.09523554958743308,0.1150365183258053,1770136133.562984
110,0.9995559453964233,0.9178712466161212,2.1667000000391567e-05,2.1511605275108064e-05,robust,StabilityState.DEGRADED,0.02042117469507565,0.00017445540237392976,0.0004657216035770517,1770136133.563902
111,0.9997762441635132,0.9342522461255997,2.1542000000707162e-05,2.1517684220227884e-05,robust,StabilityState.DEGRADED,0.016380999509478467,0.0003208444099431773,0.00024529783648752357,1770136133.564814
112,0.9999269247055054,0.9473871818415809,2.1334000000372555e-05,2.148094737625682e-05,robust,StabilityState.DEGRADED,0.013134935715981233,0.0004946105541074886,9.440929449500146e-05,1770136133.566113
113,0.9998814463615417,0.9578860347455731,2.1874999999837996e-05,2.1559757900973058e-05,robust,StabilityState.DEGRADED,0.010498852903992217,0.00025237727774030105,0.00014042863845808995,1770136133.5670269
114,0.9998551607131958,0.9662798599390976,2.1332999999401636e-05,2.1514406320658774e-05,robust,StabilityState.DEGRADED,0.008393825193524496,0.0003335940132140891,0.00016617228680360085,1770136133.567939
115,0.9998453259468079,0.9729929531406396,2.1667000000391567e-05,2.1544925056605334e-05,robust,StabilityState.DEGRADED,0.006713093201542009,0.0003232346189578905,0.00017634105319253024,1770136133.5692391
116,0.9998034238815308,0.9783550472888178,2.1583999999741366e-05,2.155274004523254e-05,robust,StabilityState.DEGRADED,0.005362094148178231,0.0005164668540951212,0.00021816011846897965,1770136133.570148
117,0.9998993873596191,0.9826639153029781,2.170799999934303e-05,2.1583792036054638e-05,robust,StabilityState.DEGRADED,0.004308868014160305,0.0004544008142390865,0.0001223206403802024,1770136133.571054
118,0.9998993277549744,0.9861109977933774,2.1167000000765768e-05,2.1500433628996863e-05,robust,StabilityState.DEGRADED,0.003447082490399267,0.00035883017330906597,0.00012183924502640053,1770136133.5719612
119,0.9996417164802551,0.988817141530753,2.1499999999896602e-05,2.1500346903176812e-05,robust,StabilityState.DEGRADED,0.0027061437373755437,0.00033984647769180754,0.00037978351974476965,1770136133.5728781
120,0.9997403025627136,0.9910017737371452,2.1790999999993232e-05,2.1558477522540098e-05,robust,StabilityState.DEGRADED,0.002184632206392201,0.00030816020202628636,0.0002814884372863702,1770136133.573796
121,0.9998762607574463,0.9927766711412054,2.145799999997422e-05,2.1538382018026922e-05,robust,StabilityState.DEGRADED,0.0017748974040602272,0.0004339073978574248,0.00014519724255368516,1770136133.5747042
122,0.9999094009399414,0.9942032171009527,2.150000000078478e-05,2.1530705614578498e-05,robust,StabilityState.DEGRADED,0.0014265459597473384,0.00019543623733575544,0.00011209906005937853,1770136133.575615
123,0.9996516108512878,0.9952928958510199,2.166699999950339e-05,2.1557964491563476e-05,robust,StabilityState.DEGRADED,0.0010896787500671579,0.0002527525102546946,0.0003700561487116616,1770136133.57652
124,0.9997696876525879,0.9961882542113335,2.125000000052779e-05,2.149637159335634e-05,robust,StabilityState.DEGRADED,0.000895358360313625,0.00012561001223776458,0.00025156234741263717,1770136133.577439
125,0.9998695850372314,0.9969245203765131,2.2042000000332962e-05,2.1605497274751667e-05,robust,StabilityState.DEGRADED,0.0007362661651796332,0.0002277829548038568,0.00015245696276888765,1770136133.578346
126,0.9998663663864136,0.9975128895784933,2.1667000000391567e-05,2.161779781987965e-05,robust,StabilityState.DEGRADED,0.0005883692019801323,0.00046129634838898426,0.00015530061358681735,1770136133.579637
127,0.9998821020126343,0.9979867320653215,2.1375000000212196e-05,2.1569238255946157e-05,robust,StabilityState.DEGRADED,0.0004738424868282465,0.000322912967865463,0.00013927298736593485,1770136133.580544
128,0.9997280240058899,0.9983349904534352,2.1792000000075973e-05,2.161379060477212e-05,robust,StabilityState.DEGRADED,0.000348258388113698,0.00017695300674436254,0.0002937679941101834,1770136133.581842
129,0.9999613761901855,0.9986602676007853,2.1624999999581007e-05,2.1616032483733898e-05,robust,StabilityState.DEGRADED,0.0003252771473500893,0.00042875823556531856,6.024880981403413e-05,1770136133.582753
130,0.9998779296875,0.9989038000181283,2.170800000023121e-05,2.1634425987033364e-05,robust,StabilityState.DEGRADED,0.00024353241734298425,0.00022069239770505789,0.0001437783125002312,1770136133.5837362
131,0.9998337626457214,0.9990897925436469,2.2042000000332962e-05,2.1715940789693285e-05,robust,StabilityState.DEGRADED,0.0001859925255186523,0.0004635248830870964,0.00018827935427889742,1770136133.584675
132,0.9997243285179138,0.9992166997385004,2.1625000000469186e-05,2.1697752631848465e-05,robust,StabilityState.DEGRADED,0.0001269071948534206,0.0003687781257628586,0.0002972964820866508,1770136133.585595
133,0.9999222755432129,0.999357814899443,2.170800000023121e-05,2.1699802105525015e-05,robust,StabilityState.DEGRADED,0.00014111516094261756,0.000321589851745685,9.943245678734058e-05,1770136133.586509
134,0.9998535513877869,0.9994569621971119,2.1916999999760378e-05,2.1743241684372092e-05,robust,StabilityState.DEGRADED,9.914729766891117e-05,0.00043429521179216835,0.00016836561221289514,1770136133.587444
135,0.9998554587364197,0.9995366615049734,2.1874999999837996e-05,2.1769593347465275e-05,robust,StabilityState.DEGRADED,7.969930786155821e-05,0.0001564127996518394,0.00016641626358016026,1770136133.588393
136,0.9998401403427124,0.9995973572725213,2.170899999942577e-05,2.1757474677857376e-05,robust,StabilityState.DEGRADED,6.0695767547858104e-05,0.000509582901367267,0.00018156865728702343,1770136133.5893068
137,0.999874472618103,0.9996527803416377,2.1582999999658625e-05,2.1722579742217625e-05,robust,StabilityState.DEGRADED,5.542306911643369e-05,0.0003155629919131542,0.00014711038189663128,1770136133.5906088
138,0.9996799230575562,0.9996582088848214,2.1749999999265412e-05,2.1728063793627186e-05,robust,StabilityState.DEGRADED,5.428543183638723e-06,0.0001872470056456521,0.00034182694244311307,1770136133.5919418
139,0.9998342990875244,0.9996934269253621,2.1333000000289815e-05,2.1649051034959715e-05,robust,StabilityState.DEGRADED,3.521804054074096e-05,0.0008508370973503432,0.00018703391247587575,1770136133.5928519
140,0.9998986721038818,0.999734475961066,2.170800000023121e-05,2.1660840828014012e-05,robust,StabilityState.DEGRADED,4.1049035703899506e-05,0.0009032177661740803,0.00012303589611839527,1770136133.593775
141,0.9994992613792419,0.9996874330447012,2.1749999999265412e-05,2.1678672662264294e-05,robust,StabilityState.DEGRADED,-4.70429163648145e-05,0.00048619348526024453,0.000522488620757322,1770136133.5947251
142,0.9996060132980347,0.999671149095368,2.1375000000212196e-05,2.1617938129853873e-05,robust,StabilityState.DEGRADED,-1.6283949333173453e-05,0.0002958932266237113,0.00041536170196554423,1770136133.5956538
143,0.9999253153800964,0.9997219823523137,2.1624999999581007e-05,2.16193505037993e-05,robust,StabilityState.DEGRADED,5.083325694565932e-05,0.0001900829356991096,9.630961990314546e-05,1770136133.5966039
144,0.9997929930686951,0.99973618449559,2.1792000000075973e-05,2.1653880403054636e-05,robust,StabilityState.DEGRADED,1.4202143276298429e-05,0.00039195854187035195,0.0002287989313050076,1770136133.597516
145,0.9997352957725525,0.9997360067509825,2.2082999999284425e-05,2.1739704322300596e-05,robust,StabilityState.DEGRADED,-1.777446074768818e-07,0.0006033400075988737,0.0002867872274467942,1770136133.5988202
146,0.9997859597206116,0.9997459973449083,2.1832999999915614e-05,2.1758363457823602e-05,robust,StabilityState.DEGRADED,9.990593925812696e-06,0.0001526471256108053,0.00023587327938834335,1770136133.59973
147,0.9998462200164795,0.9997660418792227,2.1667000000391567e-05,2.1740090766337197e-05,robust,StabilityState.DEGRADED,2.0044534314367368e-05,0.0003590688244017315,0.00017544698352089938,1770136133.600645
148,0.9997869729995728,0.9997702281032927,2.1917000000648557e-05,2.177547261319947e-05,robust,StabilityState.DEGRADED,4.1862240700574205e-06,0.000361273963744857,0.00023494400042789465,1770136133.601577
149,0.9997113943099976,0.9997584613446338,2.2042000000332962e-05,2.182877809062617e-05,robust,StabilityState.DEGRADED,-1.1766758658993126e-05,0.00019256942367551488,0.00031064769000277437,1770136133.60288
150,0.97663813829422,0.9951343967345511,2.170800000023121e-05,2.1804622472547177e-05,robust,StabilityState.DEGRADED,-0.00462406461008269,0.03867344729995725,0.02338356970578026,1770136133.6037939
151,0.9654287099838257,0.9891932593844059,2.1542000000707162e-05,2.1752097978179173e-05,robust,StabilityState.DEGRADED,-0.00594113735014512,0.03404015165692087,0.034592832016175024,1770136133.6047082
152,0.960394561290741,0.9834335197656731,2.1792000000075973e-05,2.1760078382558533e-05,robust,StabilityState.DEGRADED,-0.005759739618732884,0.09487979864883389,0.03962723070925911,1770136133.609579
153,0.9504523873329163,0.9768372932791217,2.170800000023121e-05,2.174966270609307e-05,robust,StabilityState.DEGRADED,-0.006596226486551338,0.10920355204409748,0.04956932066708397,1770136133.610494
154,0.9846704006195068,0.9784039147471988,2.1874999999837996e-05,2.1774730164842056e-05,robust,StabilityState.DEGRADED,0.0015666214680770674,0.10553560018139674,0.015351474380493002,1770136133.6114528
155,0.9561570286750793,0.9739545375327749,2.1874999999837996e-05,2.1794784131841247e-05,robust,StabilityState.DEGRADED,-0.004449377214423844,0.016349052227203842,0.04386484632492049,1770136133.612376
156,0.9426568150520325,0.9676949930366265,2.1874999999837996e-05,2.1810827305440598e-05,robust,StabilityState.DEGRADED,-0.006259544496148406,0.1571542066497802,0.05736505994796737,1770136133.613291
157,0.959950864315033,0.9661461672923078,2.200000000041058e-05,2.1848661844434595e-05,robust,StabilityState.DEGRADED,-0.0015488257443186937,0.025646279533203753,0.04007113568496745,1770136133.614209
158,0.9486315846443176,0.9626432507627098,2.1790999999993232e-05,2.1837129475546324e-05,robust,StabilityState.DEGRADED,-0.003502916529597999,0.10640281278610164,0.051390206355682366,1770136133.615124
159,0.948972225189209,0.9599090456480097,2.170800000023121e-05,2.18113035804833e-05,robust,StabilityState.DEGRADED,-0.002734205114700128,0.01308377776318359,0.05104948281079125,1770136133.6160388
160,0.9797530174255371,0.9638778400035152,2.1792000000075973e-05,2.1807442864401834e-05,robust,StabilityState.DEGRADED,0.003968794355505456,0.017938701312652405,0.020268774574462967,1770136133.6169531
161,0.9584490656852722,0.9627920851398667,2.19999999995224e-05,2.184595429142595e-05,robust,StabilityState.DEGRADED,-0.0010857548636484804,0.12200652234649656,0.041572934314727306,1770136133.617866
162,0.9718809723854065,0.9646098625889747,2.2125000000094985e-05,2.1901763433159757e-05,robust,StabilityState.DEGRADED,0.001817777449108049,0.1893646281049799,0.0281411526145936,1770136133.622726
163,0.9769074320793152,0.9670693764870429,2.1625000000469186e-05,2.1846410746621646e-05,robust,StabilityState.DEGRADED,0.0024595138980681996,0.09543397924060049,0.023114192920685284,1770136133.623646
164,0.9513387680053711,0.9639232547907086,2.1833999999998355e-05,2.1843928597296988e-05,robust,StabilityState.DEGRADED,-0.0031461216963343253,0.12137585718154931,0.048683065994628905,1770136133.6245592
165,0.9540284276008606,0.961944289352739,2.1667000000391567e-05,2.1808542877915905e-05,robust,StabilityState.DEGRADED,-0.0019789654379696042,0.04575155823916699,0.045993239399139796,1770136133.6254778
166,0.9531083703041077,0.9601771055430128,2.1290999999479254e-05,2.1705034302228575e-05,robust,StabilityState.DEGRADED,-0.0017671838097261805,0.08435752310198996,0.04691292069589181,1770136133.626388
167,0.9626541137695312,0.9606725071883166,3.358400000053052e-05,2.4080827441888966e-05,robust,StabilityState.DEGRADED,0.0004954016453038168,0.09124111389923062,0.03737947023046928,1770136133.627328
168,0.9877128601074219,0.9660805777721377,2.2417000000274356e-05,2.3748061953566047e-05,robust,StabilityState.DEGRADED,0.00540807058382109,0.020792303402313195,0.0123095568925784,1770136133.628292
169,0.9503682255744934,0.9629381073326089,2.229100000050721e-05,2.345664956295428e-05,robust,StabilityState.DEGRADED,-0.003142470439528866,0.026667491237823526,0.0496540654255071,1770136133.6292338
170,0.9725490808486938,0.964860302035826,2.2417000000274356e-05,2.32487196504183e-05,robust,StabilityState.DEGRADED,0.0019221947032170839,0.060608699554077106,0.027473336151306427,1770136133.630165
171,0.9732569456100464,0.9665396307506701,2.200000000041058e-05,2.2998975720416758e-05,robust,StabilityState.DEGRADED,0.0016793287148441083,0.08071610665512097,0.026765054389954024,1770136133.635063
172,0.9131038188934326,0.9558524683792227,2.2375000000351974e-05,2.2874180576403804e-05,robust,StabilityState.DEGRADED,-0.0106871623714474,0.06831923461151135,0.08691855610656773,1770136133.6360042
173,0.9712004661560059,0.9589220679345793,2.175000000015359e-05,2.264934446115376e-05,robust,StabilityState.DEGRADED,0.0030695995553566835,0.061585960937683204,0.028821283843994294,1770136133.636936
174,0.9831835627555847,0.9637743668987805,2.2165999999934627e-05,2.2552675568909933e-05,robust,StabilityState.DEGRADED,0.0048522989642011405,0.052261082099731127,0.016838603244415218,1770136133.637877
175,0.9399160742759705,0.9590027083742185,2.2165999999934627e-05,2.2475340455114873e-05,robust,StabilityState.DEGRADED,-0.004771658524561961,0.1015373478658752,0.060106091724029476,1770136133.6388228
176,0.95784592628479,0.9587713519563329,2.250000000003638e-05,2.2480272364099175e-05,robust,StabilityState.DEGRADED,-0.00023135641788563088,0.1025172989467471,0.04217657371521,1770136133.6397681
177,0.9462780356407166,0.9562726886932096,2.2124999999206807e-05,2.2409217891120703e-05,robust,StabilityState.DEGRADED,-0.002498663263123313,0.045616481300170264,0.053744089359282654,1770136133.640706
178,0.955994188785553,0.9562169887116783,2.1874999999837996e-05,2.2302374312864163e-05,robust,StabilityState.DEGRADED,-5.569998153132083e-05,0.03668460128057838,0.04402768621444686,1770136133.6416352
179,0.9811439514160156,0.9612023812525459,2.170800000023121e-05,2.2183499450337575e-05,robust,StabilityState.DEGRADED,0.004985392540867606,0.07014425788098144,0.018877756583984606,1770136133.6464908
180,0.9751602411270142,0.9639939532274396,2.195900000057094e-05,2.2138599560384247e-05,robust,StabilityState.DEGRADED,0.0027915719748937695,0.1511398361780083,0.02486171787298641,1770136133.64742
181,0.9599146246910095,0.9631780875201537,2.1624999999581007e-05,2.20358796482236e-05,robust,StabilityState.DEGRADED,-0.0008158657072859787,0.026589086967102382,0.04010700030899006,1770136133.6483352
182,0.9177234172821045,0.9540871534725439,2.175000000015359e-05,2.1978703718609598e-05,robust,StabilityState.DEGRADED,-0.009090934047609744,0.07460294233340381,0.08229833271789566,1770136133.649247
183,0.9499123096466064,0.9532521847073565,2.175000000015359e-05,2.1932962974918396e-05,robust,StabilityState.DEGRADED,-0.0008349687651874049,0.08312730662918089,0.05010944035339371,1770136133.650162
184,0.977806806564331,0.9581631090787515,2.1583999999741366e-05,2.186317037988299e-05,robust,StabilityState.DEGRADED,0.0049109243713949535,0.04824947571563687,0.022214777435668687,1770136133.655002
185,0.9689387679100037,0.960318240845002,2.1667000000391567e-05,2.1823936303984707e-05,robust,StabilityState.DEGRADED,0.0021551317662504843,0.07011401493072533,0.03108289908999673,1770136133.655945
186,0.9133232831954956,0.9509192493151007,2.200000000041058e-05,2.185914904326988e-05,robust,StabilityState.DEGRADED,-0.009398991529901202,0.08833818309402464,0.0866987168045048,1770136133.656863
187,0.9589430093765259,0.9525240013273859,2.1624999999581007e-05,2.1812319234532107e-05,robust,StabilityState.DEGRADED,0.00160475201228516,0.03362803911972101,0.0410786156234737,1770136133.6578078
188,0.9608938097953796,0.9541979630209847,2.141700000013458e-05,2.17332553876526e-05,robust,StabilityState.DEGRADED,0.001673961693598791,0.05265342473202583,0.039127607204620496,1770136133.658728
189,0.9904370903968811,0.961445788496164,2.1541999999818984e-05,2.169500431008588e-05,robust,StabilityState.DEGRADED,0.007247825475179326,0.1123129113388055,0.009584451603118715,1770136133.65964
190,0.9671530723571777,0.9625872452683668,2.1542000000707162e-05,2.1664403448210137e-05,robust,StabilityState.DEGRADED,0.0011414567722027869,0.03742926573562677,0.03286846964282297,1770136133.660552
191,0.968472421169281,0.9637642804485498,2.2167000000017367e-05,2.1764922758571583e-05,robust,StabilityState.DEGRADED,0.0011770351801829726,0.09561228445416248,0.03154974583071901,1770136133.661522
192,0.9910152554512024,0.9692144754490803,2.2417000000274356e-05,2.189533820691214e-05,robust,StabilityState.DEGRADED,0.005450195000530567,0.03325788801992857,0.009007161548797882,1770136133.662461
193,0.9837630987167358,0.9721242001026116,2.1583999999741366e-05,2.1833070565477983e-05,robust,StabilityState.DEGRADED,0.0029097246535312316,0.06406204550952221,0.0162584852832639,1770136133.6673348
194,0.9840990900993347,0.9745191781019562,2.224999999977939e-05,2.1916456452338266e-05,robust,StabilityState.DEGRADED,0.0023949779993446274,0.06756058815783739,0.015923159900665063,1770136133.668271
195,0.9835163950920105,0.9763186214999672,2.229200000058995e-05,2.1991565161988602e-05,robust,StabilityState.DEGRADED,0.0017994433980109692,0.016372779666534498,0.016505896907990092,1770136133.669201
196,0.9718510508537292,0.9754251073707196,2.170800000023121e-05,2.1934852129637126e-05,robust,StabilityState.DEGRADED,-0.0008935141292475413,0.10243002539788737,0.028170657146270983,1770136133.670134
197,0.9271612763404846,0.9657723411646727,2.220799999985701e-05,2.1989481703681103e-05,robust,StabilityState.DEGRADED,-0.009652766206046937,0.052561752323333266,0.07286093165951524,1770136133.675058
198,0.9145004153251648,0.9555179559967713,2.195799999960002e-05,2.1983185362864885e-05,robust,StabilityState.DEGRADED,-0.010254385167901447,0.13272344905853206,0.0855215426748348,1770136133.6759832
199,0.9265978932380676,0.9497339434450306,2.1874999999837996e-05,2.196154829025951e-05,robust,StabilityState.DEGRADED,-0.005784012551740658,0.08246136832846052,0.07342398176193221,1770136133.676893
200,0.9456231594085693,0.9489117866377385,2.1625000000469186e-05,2.1894238632301447e-05,robust,StabilityState.DEGRADED,-0.0008221568072921404,0.3246220220754701,0.05439846559143113,1770136133.6778328
201,0.7791072726249695,0.9149508838351847,2.1582999999658625e-05,2.1831990905772883e-05,fast,StabilityState.STABLE,-0.033960902802553705,0.10612099623489346,0.22091431037503018,1770136133.678771
202,0.9122396111488342,0.9144086292979148,2.3000000000550358e-05,2.2065592724728382e-05,fast,StabilityState.STABLE,-0.0005422545372699705,0.08778338885116632,0.104494279781159,1770136133.67968
203,0.8476455807685852,0.9010560195920488,2.304200000047274e-05,2.2260874179877253e-05,fast,StabilityState.STABLE,-0.013352609705865937,0.15237746123141527,0.08811281962966877,1770136133.684526
204,0.6941280961036682,0.8596704348943728,2.304100000039e-05,2.24168993439798e-05,robust,StabilityState.DEGRADED,-0.04138558469767606,0.3058949448963322,0.09874419028109749,1770136133.6854348
205,0.8429097533226013,0.8563182985800186,2.145799999997422e-05,2.2225119475178687e-05,robust,StabilityState.DEGRADED,-0.0033521363143541594,0.19125383376293925,0.15711170467739866,1770136133.686338
206,0.8136417269706726,0.8477829842581495,2.170799999934303e-05,2.212169558001156e-05,robust,StabilityState.DEGRADED,-0.008535314321869159,0.3864260362430718,0.18637998102932674,1770136133.687242
207,0.8468060493469238,0.8475875972759044,2.1625000000469186e-05,2.2022356464103085e-05,robust,StabilityState.DEGRADED,-0.00019538698224508266,0.26828505308950845,0.15321557565307664,1770136133.68817
208,0.7928197979927063,0.8366340374192649,2.1625000000469186e-05,2.1942885171376306e-05,robust,StabilityState.DEGRADED,-0.010953559856639483,0.20826142989385943,0.20720182700729417,1770136133.689078
209,0.8389492034912109,0.8370970706336541,2.1333999999484377e-05,2.1821108136997922e-05,robust,StabilityState.DEGRADED,0.0004630332143892302,0.15597935733377088,0.16107213050878855,1770136133.690006
210,0.972839891910553,0.8642456348890339,2.170899999942577e-05,2.1798686509483494e-05,robust,StabilityState.DEGRADED,0.027148564255379815,0.048716543735321416,0.027181817089446447,1770136133.690922
211,0.9834341406822205,0.8880833360476713,2.125000000052779e-05,2.1688949207692356e-05,robust,StabilityState.DEGRADED,0.02383770115863737,0.06652494587344293,0.01658710931778007,1770136133.691856
212,0.9687878489494324,0.9042242386280236,2.141700000013458e-05,2.1634559366180802e-05,robust,StabilityState.DEGRADED,0.01614090258035228,0.026000796146393057,0.03123356805056776,1770136133.692773
213,0.9392298460006714,0.9112253601025532,2.1790999999993232e-05,2.166584749294329e-05,robust,StabilityState.DEGRADED,0.007001121474529581,0.11939315669631956,0.060791944999328607,1770136133.6937118
214,0.9461522698402405,0.9182107420500907,2.2042000000332962e-05,2.1741077994421225e-05,robust,StabilityState.DEGRADED,0.006985381947537506,0.07042367819995121,0.053869772159759854,1770136133.694674
215,0.9524463415145874,0.92505786194299,2.1916999999760378e-05,2.1776262395489054e-05,robust,StabilityState.DEGRADED,0.006847119892899323,0.015310870105927243,0.04757557548541236,1770136133.699552
216,0.9553177952766418,0.9311098486097203,2.1874999999837996e-05,2.1796009916358844e-05,robust,StabilityState.DEGRADED,0.006051986666730347,0.08657086893463095,0.04470407972335799,1770136133.700493
217,0.9834175109863281,0.9415713810850419,2.2041999999444783e-05,2.1845207932976032e-05,robust,StabilityState.DEGRADED,0.010461532475321556,0.04253368104916344,0.01660453101367132,1770136133.701455
218,0.9741036891937256,0.9480778427067786,2.1833000000803793e-05,2.1842766346541586e-05,robust,StabilityState.DEGRADED,0.006506461621736737,0.08517132847994979,0.025918143806275218,1770136133.70239
219,0.9872318506240845,0.9559086442902399,2.195799999960002e-05,2.1865813077153272e-05,robust,StabilityState.DEGRADED,0.007830801583461278,0.12096348283041358,0.012790107375915127,1770136133.703327
220,0.9707215428352356,0.9588712239992391,2.2374999999463796e-05,2.1967650461615378e-05,robust,StabilityState.DEGRADED,0.002962579708999158,0.08869320573043815,0.029300832164763868,1770136133.704264
221,0.9698464870452881,0.961066276608449,2.200000000041058e-05,2.197412036937442e-05,robust,StabilityState.DEGRADED,0.0021950526092099354,0.03159472703533961,0.030175512954712325,1770136133.705203
222,0.9445666670799255,0.9577663547027444,2.1792000000075973e-05,2.1937696295514732e-05,robust,StabilityState.DEGRADED,-0.003299921905704606,0.13466183866482595,0.05545512492007454,1770136133.706134
223,0.9778165817260742,0.9617764001074104,2.2125000000094985e-05,2.1975157036430784e-05,robust,StabilityState.DEGRADED,0.004010045404665985,0.054543236552826,0.022205543273925876,1770136133.7070699
224,0.9801569581031799,0.9654525117065643,2.1917000000648557e-05,2.1963525629274338e-05,robust,StabilityState.DEGRADED,0.0036761115991539306,0.03319855121231008,0.019864958896820717,1770136133.708002
225,0.9679473042488098,0.9659514702150134,2.2040999999362043e-05,2.1979020503291882e-05,robust,StabilityState.DEGRADED,0.0004989585084490544,0.0341751021308907,0.03207473675118955,1770136133.708935
226,0.9323718547821045,0.9592355471284317,2.1832999999915614e-05,2.194981640261663e-05,robust,StabilityState.DEGRADED,-0.006715923086581643,0.03949604397927864,0.06764997821789542,1770136133.70987
227,0.9640630483627319,0.9602010473752919,2.2125000000094985e-05,2.19848531221123e-05,robust,StabilityState.DEGRADED,0.0009655002468601515,0.01398327145748901,0.03595907663726816,1770136133.710826
228,0.9666723608970642,0.9614953100796464,2.1833999999998355e-05,2.195468249768951e-05,robust,StabilityState.DEGRADED,0.0012942627043545096,0.07222522303009082,0.03334947310293579,1770136133.711744
229,0.9601795673370361,0.9612321615311243,2.1292000000450173e-05,2.1822145998241646e-05,robust,StabilityState.DEGRADED,-0.00026314854852205194,0.10115964820843537,0.03984172466296432,1770136133.712663
230,0.9402251243591309,0.9570307540967257,2.1624999999581007e-05,2.1782716798509517e-05,robust,StabilityState.DEGRADED,-0.004201407434398674,0.1484991109958802,0.05979650064086872,1770136133.717512
231,0.987929105758667,0.963210424429114,2.195799999960002e-05,2.181777343872762e-05,robust,StabilityState.DEGRADED,0.0061796703323883095,0.07888230459576384,0.012092852241332608,1770136133.718427
232,0.9583256840705872,0.9622334763574086,2.1625000000469186e-05,2.1779218751075935e-05,robust,StabilityState.DEGRADED,-0.0009769480717053414,0.0638232039071962,0.04169594092941331,1770136133.719342
233,0.9519428610801697,0.9601753533019608,2.1541999999818984e-05,2.173177500082455e-05,robust,StabilityState.DEGRADED,-0.002058123055447836,0.09940370818728628,0.04807868091983014,1770136133.720253
234,0.9283286929130554,0.9538060212241797,2.1374999999324018e-05,2.1660420000524444e-05,robust,StabilityState.DEGRADED,-0.00636933207778112,0.0426474021531984,0.0716926820869439,1770136133.721194
235,0.9774059057235718,0.9585259981240581,2.1499999999896602e-05,2.1628336000398877e-05,robust,StabilityState.DEGRADED,0.004719976899878464,0.0685407855411686,0.02261559427642812,1770136133.7221088
236,0.955284833908081,0.9578777652808628,2.170799999934303e-05,2.164426880018771e-05,robust,StabilityState.DEGRADED,-0.0006482328431953732,0.12180340708923332,0.04473687409191829,1770136133.7230248
237,0.9651623964309692,0.9593346915108841,2.1833999999998355e-05,2.168221504014984e-05,robust,StabilityState.DEGRADED,0.0014569262300213603,0.048219166137512204,0.03485943756903076,1770136133.723938
238,0.9536342620849609,0.9581946056256995,2.145799999997422e-05,2.163737203211472e-05,robust,StabilityState.DEGRADED,-0.0011400858851846607,0.0797395446201472,0.04638719591503904,1770136133.724853
239,0.971156120300293,0.9607869085606182,2.166699999950339e-05,2.1643297625592455e-05,robust,StabilityState.DEGRADED,0.0025923029349187443,0.07637072028350822,0.028865546699706535,1770136133.7257652
240,0.9618717432022095,0.9610038754889365,2.170799999934303e-05,2.165623810034257e-05,robust,StabilityState.DEGRADED,0.00021696692831829623,0.14500097978936832,0.03814996479778987,1770136133.7267041
241,0.9578259587287903,0.9603682921369073,2.195900000057094e-05,2.1716790480388246e-05,robust,StabilityState.DEGRADED,-0.0006355833520291787,0.05399986603183038,0.04219600027121029,1770136133.7276502
242,0.9535045027732849,0.9589955342641829,2.166699999950339e-05,2.1706832384211276e-05,robust,StabilityState.DEGRADED,-0.001372757872724395,0.07097005104827847,0.04651716422671459,1770136133.7285671
243,0.950796902179718,0.95735580784729,2.1833999999998355e-05,2.1732265907368693e-05,robust,StabilityState.DEGRADED,-0.001639726416892917,0.07749921625555434,0.04922493182028198,1770136133.729481
244,0.9382852911949158,0.9535417045168152,2.170800000023121e-05,2.1727412725941196e-05,robust,StabilityState.DEGRADED,-0.0038141033304748273,0.12765735227584862,0.06173641680508446,1770136133.7303958
245,0.9340227842330933,0.9496379204600709,2.170800000023121e-05,2.17235301807992e-05,robust,StabilityState.DEGRADED,-0.003903784056744297,0.15619445265960685,0.06599892376690697,1770136133.731309
246,0.9789779782295227,0.9555059320139613,2.1916999999760378e-05,2.1762224144591437e-05,robust,StabilityState.DEGRADED,0.005868011553890384,0.06313330956250063,0.021043938770477055,1770136133.7322712
247,0.976560115814209,0.9597167687740109,2.1625000000469186e-05,2.1734779315766988e-05,robust,StabilityState.DEGRADED,0.00421083676004963,0.04888333011282331,0.023461509185791485,1770136133.7331789
248,0.9714739322662354,0.9620682014724559,2.2042000000332962e-05,2.1796223452680183e-05,robust,StabilityState.DEGRADED,0.002351432698444955,0.04622552758370979,0.02854810973376498,1770136133.734092
249,0.9375688433647156,0.9571683298509078,2.175000000015359e-05,2.1786978762174865e-05,robust,StabilityState.DEGRADED,-0.004899871621548035,0.1360915825347906,0.06245290663528458,1770136133.735008
250,0.9936169981956482,0.964458063519856,2.145799999997422e-05,2.1721183009734738e-05,robust,StabilityState.DEGRADED,0.00728973366894814,0.05338353360729986,0.006404459804351781,1770136133.735937
251,0.9600198268890381,0.9635704161936924,2.1833999999998355e-05,2.1743746407787464e-05,robust,StabilityState.DEGRADED,-0.000887647326163532,0.07496259120178284,0.04000200711096191,1770136133.736854
252,0.9548075199127197,0.961817836937498,2.170799999934303e-05,2.173659712609858e-05,robust,StabilityState.DEGRADED,-0.0017525792561944309,0.03676881585293579,0.045214188087279616,1770136133.741707
253,0.9449370503425598,0.9584416796185103,2.1624999999581007e-05,2.1714277700795067e-05,robust,StabilityState.DEGRADED,-0.0033761573189876604,0.06974014541262807,0.05508457465743977,1770136133.746582
254,0.9503557085990906,0.9568244854146264,2.166599999942065e-05,2.1704622160520186e-05,robust,StabilityState.DEGRADED,-0.0016171942038839537,0.03132598852920587,0.049665957400908844,1770136133.751437
255,0.9344192743301392,0.952343443197729,2.1832999999915614e-05,2.1730297728399274e-05,robust,StabilityState.DEGRADED,-0.00448104221689738,0.09327658812295514,0.06560255866986076,1770136133.752358
256,0.9332422018051147,0.9485231949192061,2.170799999934303e-05,2.1725838182588027e-05,robust,StabilityState.DEGRADED,-0.0038202482785228975,0.03969266788845793,0.0667795061948846,1770136133.753269
257,0.9670552015304565,0.9522295962414563,2.1625000000469186e-05,2.170567054616426e-05,robust,StabilityState.DEGRADED,0.003706401322250197,0.12818285121954354,0.032966423469543926,1770136133.754186
258,0.934432864189148,0.9486702498309947,2.166599999942065e-05,2.1697736436815537e-05,robust,StabilityState.DEGRADED,-0.003559346410461628,0.05766876152020206,0.06558880181085147,1770136133.755126
259,0.9877203702926636,0.9564802739233285,2.1666000000308827e-05,2.1691389149514197e-05,robust,StabilityState.DEGRADED,0.007810024092333778,0.12600818154562354,0.012301295707336735,1770136133.7599502
260,0.9744837284088135,0.9600809648204256,2.2459000000196738e-05,2.1844911319650707e-05,robust,StabilityState.DEGRADED,0.0036006908970971363,0.13882110003298997,0.02553873059118672,1770136133.760906
261,0.9811214804649353,0.9642890679493276,2.2084000000255344e-05,2.1892729055771638e-05,robust,StabilityState.DEGRADED,0.004208103128901963,0.10982135272216809,0.018900603535064953,1770136133.7618518
262,0.9703887701034546,0.9655090083801531,2.195799999960002e-05,2.1905783244537314e-05,robust,StabilityState.DEGRADED,0.0012199404308255168,0.08114231051635734,0.02963318789654501,1770136133.76279
263,0.9491505026817322,0.962237307240469,2.200000000041058e-05,2.1924626595711968e-05,robust,StabilityState.DEGRADED,-0.0032717011396841134,0.21783002386856065,0.05087149731826823,1770136133.763733
264,0.9391680359840393,0.957623452989183,2.19999999995224e-05,2.1939701276474057e-05,robust,StabilityState.DEGRADED,-0.004613854251285909,0.043319908313750766,0.060853964015960216,1770136133.768571
265,0.9788340926170349,0.9618655809147534,2.1916999999760378e-05,2.1935161021131324e-05,robust,StabilityState.DEGRADED,0.004242127925570327,0.051897851394469896,0.02118782438296485,1770136133.7734
266,0.9552863836288452,0.9605497414575719,2.2042000000332962e-05,2.1956528816971652e-05,robust,StabilityState.DEGRADED,-0.0013158394571815002,0.13074071213149985,0.04473565837115512,1770136133.774343
267,0.9318409562110901,0.9548079844082756,2.1958000000488198e-05,2.1956823053674963e-05,robust,StabilityState.DEGRADED,-0.005741757049296248,0.09923018022918662,0.0681810017889104,1770136133.7752771
268,0.8994222283363342,0.9437308331938874,2.175000000015359e-05,2.1915458442970688e-05,robust,StabilityState.DEGRADED,-0.011077151214388237,0.2769982914581295,0.10059952166366593,1770136133.776211
269,0.956337034702301,0.9462520734955702,2.2084000000255344e-05,2.1949166754427618e-05,robust,StabilityState.DEGRADED,0.00252124030168277,0.025496308223724284,0.04368504929769923,1770136133.777148
270,0.944661557674408,0.9459339703313379,2.1624999999581007e-05,2.1884333403458296e-05,robust,StabilityState.DEGRADED,-0.00031810316423230844,0.14136538969058243,0.05536006732559162,1770136133.7780879
271,0.9388628602027893,0.9445197483056282,2.1582999999658625e-05,2.1824066722698364e-05,robust,StabilityState.DEGRADED,-0.0014142220257096216,0.058577434097290215,0.06115872279721035,1770136133.782944
272,0.9759555459022522,0.9508069078249531,2.1666000000308827e-05,2.179245337822046e-05,robust,StabilityState.DEGRADED,0.006287159519324903,0.0782169917600708,0.02406612009774811,1770136133.783861
273,0.9513083696365356,0.9509072001872696,2.1916999999760378e-05,2.1817362702528444e-05,robust,StabilityState.DEGRADED,0.00010029236231645644,0.10860453115481583,0.048713547363464116,1770136133.784781
274,0.9382060170173645,0.9483669635532886,2.1583000000546804e-05,2.1770490162132115e-05,robust,StabilityState.DEGRADED,-0.0025402366339809523,0.11439258279037468,0.061815565982636045,1770136133.7857149
275,0.9441769123077393,0.9475289533041789,2.1541999999818984e-05,2.1724792129669493e-05,robust,StabilityState.DEGRADED,-0.0008380102491097885,0.16876431621951316,0.05584462969226056,1770136133.78663
276,0.9088716506958008,0.9397974927825032,2.141700000013458e-05,2.166323370376251e-05,robust,StabilityState.DEGRADED,-0.007731460521675615,0.03299054404849322,0.09114976630419935,1770136133.7914538
277,0.9224539399147034,0.9363287822089433,2.1375000000212196e-05,2.160558696305245e-05,robust,StabilityState.DEGRADED,-0.0034687105735599078,0.05060719125366209,0.07756743508529684,1770136133.792384
278,0.9362499713897705,0.9363130200451087,2.1917000000648557e-05,2.166786957057167e-05,robust,StabilityState.DEGRADED,-1.5762163834587284e-05,0.11597881201571703,0.06377194561023014,1770136133.797226
279,0.8893466591835022,0.9269197478727875,2.1749999999265412e-05,2.168429565631042e-05,robust,StabilityState.DEGRADED,-0.009393272172321221,0.20683388460504126,0.11067509081649707,1770136133.7981482
280,0.9073049426078796,0.9229967868198059,2.1915999999677638e-05,2.173063652498386e-05,robust,StabilityState.DEGRADED,-0.003922961052981622,0.1473637149314877,0.09271697339212004,1770136133.7990599
281,0.8730027675628662,0.912997982968418,2.1584000000629544e-05,2.1701309220113e-05,robust,StabilityState.DEGRADED,-0.00999880385138785,0.1324496977390135,0.12701881643713442,1770136133.7999759
282,0.9405809044837952,0.9185145672714936,2.1833000000803793e-05,2.172764737625116e-05,robust,StabilityState.DEGRADED,0.005516584303075556,0.03907437130355795,0.05944092851620564,1770136133.800894
283,0.9483163952827454,0.924474932873744,2.1624999999581007e-05,2.1707117900917132e-05,robust,StabilityState.DEGRADED,0.005960365602250439,0.14856175547753914,0.05170522971725422,1770136133.8057091
284,0.9311304092407227,0.9258060281471399,2.170800000023121e-05,2.1707294320779947e-05,robust,StabilityState.DEGRADED,0.0013310952733958104,0.05887897422772248,0.06889129875927757,1770136133.806622
285,0.8685097098350525,0.9143467644847224,2.1291000000367433e-05,2.1624035456697445e-05,robust,StabilityState.DEGRADED,-0.011459263662417452,0.03517430860519433,0.13151158116494788,1770136133.807557
286,0.8921583890914917,0.9099090894060764,2.141700000013458e-05,2.1582628365384872e-05,robust,StabilityState.DEGRADED,-0.004437675078646008,0.13424292108172597,0.10786302790850844,1770136133.808471
287,0.8891339302062988,0.9057540575661209,2.1832999999915614e-05,2.163270269229102e-05,robust,StabilityState.DEGRADED,-0.00415503183995547,0.06200245503253132,0.11088790279370109,1770136133.809385
288,0.9646793007850647,0.9175391062099097,2.1790999999993232e-05,2.1664362153831464e-05,robust,StabilityState.DEGRADED,0.01178504864378882,0.036672811607360245,0.035342490214935296,1770136133.8102999
289,0.9298319816589355,0.9199976812997149,2.1583999999741366e-05,2.1648289723013443e-05,robust,StabilityState.DEGRADED,0.0024585750898051817,0.0755090099107667,0.0701896023410642,1770136133.811251
290,0.9408591389656067,0.9241699728328934,2.1790999999993232e-05,2.16768317784094e-05,robust,StabilityState.DEGRADED,0.0041722915331784405,0.13232300189209045,0.059162652034393304,1770136133.812184
291,0.9698356986045837,0.9333031179872314,2.2208000000745187e-05,2.178306542287656e-05,robust,StabilityState.DEGRADED,0.009133145154338052,0.09617376167297387,0.030186509395417005,1770136133.813128
292,0.939181387424469,0.934478771874679,2.2209000000827928e-05,2.1868252338466835e-05,robust,StabilityState.DEGRADED,0.0011756538874475586,0.26165831531124883,0.060840821575531834,1770136133.814046
293,0.9697445631027222,0.9415319301202877,2.1416000000051838e-05,2.1777801870783835e-05,robust,StabilityState.DEGRADED,0.007053158245608704,0.19169129641378735,0.030276852897277884,1770136133.814975
294,0.9513282775878906,0.9434911996138083,2.1916999999760378e-05,2.1805641496579143e-05,robust,StabilityState.DEGRADED,0.0019592694935206545,0.21603823729306004,0.048693639412109135,1770136133.8159082
295,0.9394293427467346,0.9426788282403937,2.1291999999561995e-05,2.1702913197175715e-05,robust,StabilityState.DEGRADED,-0.000812371373414611,0.11857590559786946,0.06059194925326494,1770136133.816819
296,0.9707767963409424,0.9482984218605035,2.1582999999658625e-05,2.16789305576723e-05,robust,StabilityState.DEGRADED,0.005619593620109775,0.1645281766735236,0.029244786659057276,1770136133.817732
297,0.9460310339927673,0.9478449442869563,2.1791999999187794e-05,2.17015444459754e-05,robust,StabilityState.DEGRADED,-0.00045347757354718965,0.05352532124328668,0.053990758007231854,1770136133.818651
298,0.9407904148101807,0.9464340383916012,2.145799999997422e-05,2.1652835556775166e-05,robust,StabilityState.DEGRADED,-0.0014109058953550857,0.11579322075653042,0.05923104318981931,1770136133.8195672
299,0.9154374599456787,0.9402347227024168,2.1499999999896602e-05,2.1622268445399455e-05,robust,StabilityState.DEGRADED,-0.006199315689184415,0.08227005379086272,0.08458404005432119,1770136133.8243861
300,0.9509404897689819,0.9423758761157299,2.1624999999581007e-05,2.1622814756235766e-05,robust,StabilityState.DEGRADED,0.0021411534133131127,0.16207777135467527,0.04908113523101765,1770136133.825686
301,0.9047315716743469,0.9348470152274534,2.1624999999581007e-05,2.1623251804904814e-05,robust,StabilityState.DEGRADED,-0.007528860888276534,0.07457492135965005,0.09529005332565266,1770136133.826593
302,0.8400269150733948,0.9158829951966417,2.1792000000075973e-05,2.1657001443939047e-05,robust,StabilityState.DEGRADED,-0.018964020030811657,0.3137325874750063,0.1599948769266053,1770136133.827499
303,0.9044008255004883,0.9135865612574111,2.1790999999993232e-05,2.1683801155149883e-05,robust,StabilityState.DEGRADED,-0.0022964339392306243,0.17037735472106874,0.09562096549951171,1770136133.828407
304,0.8274682760238647,0.896362904210702,2.1583000000546804e-05,2.1663640924229267e-05,robust,StabilityState.DEGRADED,-0.01722365704670914,0.14192490451431272,0.1725533069761358,1770136133.8332102
305,0.8330276012420654,0.8836958436169747,2.1958000000488198e-05,2.1722512739481054e-05,robust,StabilityState.DEGRADED,-0.012667060593727242,0.24204896562194822,0.16699435675793506,1770136133.834115
306,0.9561862945556641,0.8981939338047127,2.170899999942577e-05,2.171981019147e-05,robust,StabilityState.DEGRADED,0.014498090187737955,0.3272072422868657,0.04383541444433536,1770136133.835017
307,0.8451839089393616,0.8875919288316425,2.1292000000450173e-05,2.1634248153266036e-05,robust,StabilityState.DEGRADED,-0.010602004973070178,0.4658224566650393,0.15483738306063888,1770136133.835926
308,0.9687615036964417,0.9038258438046023,2.166699999950339e-05,2.164079852251351e-05,robust,StabilityState.DEGRADED,0.016233914972959784,0.076107267753601,0.03126016330355785,1770136133.836836
309,0.9176102876663208,0.906582732576946,2.1582999999658625e-05,2.1629238817942533e-05,robust,StabilityState.DEGRADED,0.002756888772343702,0.15030517975579816,0.08241129533367886,1770136133.837746
310,0.9799778461456299,0.9212617552906828,2.1416000000051838e-05,2.1586591054364394e-05,robust,StabilityState.DEGRADED,0.014679022713736778,0.024307452816192843,0.02004356985437017,1770136133.838659
311,0.9826512336730957,0.9335396509671654,2.1624999999581007e-05,2.159427284340772e-05,robust,StabilityState.DEGRADED,0.01227789567648263,0.03980830792254686,0.017370391326903878,1770136133.839573
312,0.988554835319519,0.9445426878376362,2.1625000000469186e-05,2.1600418274820013e-05,robust,StabilityState.DEGRADED,0.011003036870470773,0.020699636249359443,0.011466789680481426,1770136133.840487
313,0.9857591390609741,0.9527859780823038,2.175000000015359e-05,2.163033461988673e-05,robust,StabilityState.DEGRADED,0.008243290244667634,0.03717952806472713,0.014262610939026032,1770136133.8414001
314,0.9879422187805176,0.9598172262219467,2.1541999999818984e-05,2.1612667695873183e-05,robust,StabilityState.DEGRADED,0.007031248139642843,0.021433119426544245,0.01207932321948224,1770136133.84231
315,0.9935440421104431,0.966562589399646,2.1625000000469186e-05,2.1615134156792384e-05,robust,StabilityState.DEGRADED,0.0067453631776993594,0.04888044469451902,0.006477582889557354,1770136133.843225
316,0.9790970087051392,0.9690694732607447,2.175000000015359e-05,2.1642107325464624e-05,robust,StabilityState.DEGRADED,0.002506883861098652,0.01192599953842155,0.020924741294860993,1770136133.8441422
317,0.9807758927345276,0.9714107571555013,2.1792000000075973e-05,2.1672085860386894e-05,robust,StabilityState.DEGRADED,0.0023412838947566295,0.030148439167022367,0.019245899265472488,1770136133.8450549
318,0.9946718811988831,0.9760629819641777,2.1792000000075973e-05,2.169606868832471e-05,robust,StabilityState.DEGRADED,0.004652224808676442,0.029302958862304607,0.005349910801117019,1770136133.845997
319,0.9928441047668457,0.9794192065247114,2.1416000000051838e-05,2.1640054950670136e-05,robust,StabilityState.DEGRADED,0.0033562245605336383,0.021141290295012993,0.007177311233154349,1770136133.846907
320,0.9900369048118591,0.981542746182141,2.1541999999818984e-05,2.1620443960499907e-05,robust,StabilityState.DEGRADED,0.0021235396574296184,0.0463408391759943,0.009984637188140688,1770136133.847826
321,0.9940885901451111,0.9840519149747351,2.1499999999896602e-05,2.159635516837925e-05,robust,StabilityState.DEGRADED,0.0025091687925941075,0.01869169358081013,0.005932909854888813,1770136133.848733
322,0.9878299236297607,0.9848075167057402,2.1541000000624422e-05,2.1585284134828283e-05,robust,StabilityState.DEGRADED,0.0007556017310050844,0.029530392814636208,0.012191617370239882,1770136133.849644
323,0.9780079126358032,0.9834475958917528,2.175000000015359e-05,2.1618227307893345e-05,robust,StabilityState.DEGRADED,-0.001359920813987392,0.0151005313377377,0.02201383736419693,1770136133.8505511
324,0.9941578507423401,0.9855896468618703,2.275000000029337e-05,2.184458184637335e-05,robust,StabilityState.DEGRADED,0.0021420509701175483,0.013766412155151286,0.0058648992576602055,1770136133.851468
325,0.9911450743675232,0.9867007323630009,2.1499999999896602e-05,2.1775665477078002e-05,robust,StabilityState.DEGRADED,0.0011110855011305931,0.04442480007897931,0.008876425632476703,1770136133.852424
326,0.9861108660697937,0.9865827591043596,2.1541999999818984e-05,2.1728932381626197e-05,robust,StabilityState.DEGRADED,-0.00011797325864137953,0.04242861110687279,0.013910675930206118,1770136133.853339
327,0.9840789437294006,0.9860819960293679,2.145799999997422e-05,2.1674745905295804e-05,robust,StabilityState.DEGRADED,-0.0005007630749916947,0.05227594828414972,0.01594251427059934,1770136133.85425
328,0.9847630262374878,0.9858182020709919,2.1583999999741366e-05,2.1656596724184917e-05,robust,StabilityState.DEGRADED,-0.0002637939583759463,0.02919661236209059,0.015258557762511948,1770136133.855553
329,0.9842121005058289,0.9854969817579594,2.1624999999581007e-05,2.1650277379264137e-05,robust,StabilityState.DEGRADED,-0.00032122031303249976,0.018505220065887507,0.015809524494170724,1770136133.856844
330,0.9831732511520386,0.9850322356367753,2.1291999999561995e-05,2.157862190332371e-05,robust,StabilityState.DEGRADED,-0.00046474612118407865,0.05132924192047117,0.016848040847960988,1770136133.85776
331,0.9917448163032532,0.986374751770071,2.1582999999658625e-05,2.1579497522590693e-05,robust,StabilityState.DEGRADED,0.0013425161332956126,0.013023113048736157,0.008276766696746485,1770136133.858668
332,0.9918604493141174,0.9874718912788804,2.1667000000391567e-05,2.159699801815087e-05,robust,StabilityState.DEGRADED,0.0010971395088094082,0.019443164546783187,0.00816121768588296,1770136133.859582
333,0.9936637878417969,0.9887102705914638,2.170899999942577e-05,2.161939841440585e-05,robust,StabilityState.DEGRADED,0.0012383793125834153,0.04442212366067544,0.006357921158202551,1770136133.8604941
334,0.9955517053604126,0.9900785575452535,2.1292000000450173e-05,2.1553918731614716e-05,robust,StabilityState.DEGRADED,0.0013682869537897657,0.07532135132617146,0.0044695866395878525,1770136133.861409
335,0.9889242649078369,0.9898476990177703,2.1583999999741366e-05,2.1559934985240047e-05,robust,StabilityState.DEGRADED,-0.00023085852748327973,0.03929464111709535,0.011097319092162827,1770136133.862323
336,0.9822357892990112,0.9883253170740185,2.150000000078478e-05,2.1547947988348996e-05,robust,StabilityState.DEGRADED,-0.0015223819437517605,0.03186905223846459,0.017785710700989554,1770136133.8632388
337,0.9840389490127563,0.9874680434617662,2.1541999999818984e-05,2.1546758390642996e-05,robust,StabilityState.DEGRADED,-0.0008572736122522961,0.028875558582488914,0.01598259298724347,1770136133.864169
338,0.968494713306427,0.9836733774306984,2.1792000000075973e-05,2.159580671252959e-05,robust,StabilityState.DEGRADED,-0.003794666031067817,0.02013286170541395,0.031527078693573074,1770136133.865081
339,0.9809175729751587,0.9831222165395905,2.1832999999915614e-05,2.1643245370006796e-05,robust,StabilityState.DEGRADED,-0.0005511608911078492,0.07028036570358331,0.019104260024841224,1770136133.865995
340,0.9831520318984985,0.9831281796113722,2.1583999999741366e-05,2.163139629595371e-05,robust,StabilityState.DEGRADED,5.963071781689422e-06,0.06857607851409941,0.016869552101501206,1770136133.8669078
341,0.9880910515785217,0.9841207540048021,2.1625000000469186e-05,2.1630117036856807e-05,robust,StabilityState.DEGRADED,0.0009925743934299236,0.02606401327914476,0.01193057342147874,1770136133.867845
342,0.9898651242256165,0.985269628048965,2.195799999960002e-05,2.169569362940545e-05,robust,StabilityState.DEGRADED,0.001148874044162862,0.0606091848794863,0.010156833774383145,1770136133.869143
343,0.9889237284660339,0.9860004481323789,2.1833999999998355e-05,2.172335490352403e-05,robust,StabilityState.DEGRADED,0.0007308200834138523,0.014295195377533432,0.011098105533966063,1770136133.87006
344,0.9829213619232178,0.9853846308905467,2.170900000031395e-05,2.1720483922882013e-05,robust,StabilityState.DEGRADED,-0.0006158172418321284,0.031291738486877385,0.01710034707678254,1770136133.870975
345,0.9879117012023926,0.9858900449529159,2.1583000000546804e-05,2.1692987138414974e-05,robust,StabilityState.DEGRADED,0.0005054140623691472,0.015384153632933995,0.012109881797607969,1770136133.871912
346,0.9833435416221619,0.9853807442867651,2.1374999999324018e-05,2.1629389710596786e-05,robust,StabilityState.DEGRADED,-0.000509300666150736,0.015997742683411253,0.01667783337783746,1770136133.872841
347,0.9844922423362732,0.9852030438966668,2.1583999999741366e-05,2.16203117684257e-05,robust,StabilityState.DEGRADED,-0.00017770039009834537,0.017216943645843585,0.015529341663726548,1770136133.873748
348,0.9959393739700317,0.9873503099113399,2.125000000052779e-05,2.154624941484612e-05,robust,StabilityState.DEGRADED,0.002147266014673077,0.026363341014495667,0.0040818760299687895,1770136133.8746638
349,0.9696745276451111,0.9838151534580942,2.1625000000469186e-05,2.1561999531970733e-05,robust,StabilityState.DEGRADED,-0.003535156453245647,0.027279733241852178,0.030347097354889385,1770136133.875576
350,0.9603227376937866,0.9791166703052328,2.1499999999896602e-05,2.154959962555591e-05,robust,StabilityState.DEGRADED,-0.004698483152861477,0.02214305853653009,0.039698762306213276,1770136133.876492
351,0.9660817384719849,0.9765096839385833,2.145900000005696e-05,2.1531479700456123e-05,robust,StabilityState.DEGRADED,-0.0026069863666494664,0.08980290763473509,0.033939720528015194,1770136133.877433
352,0.9673064351081848,0.9746690341725037,2.1916999999760378e-05,2.1608583760316975e-05,robust,StabilityState.DEGRADED,-0.0018406497660795607,0.08932735715084839,0.032715481891814946,1770136133.8783512
353,0.877609133720398,0.9552570540820826,2.1375000000212196e-05,2.156186700829602e-05,robust,StabilityState.DEGRADED,-0.01941198009042111,0.15373626152764963,0.12241224127960226,1770136133.879263
354,0.895438551902771,0.9432933536462202,2.145900000005696e-05,2.154129360664821e-05,robust,StabilityState.DEGRADED,-0.011963700435862368,0.09352277970123257,0.10458290709722906,1770136133.8801742
355,0.9265977740287781,0.9399542377227319,2.1249999999639613e-05,2.148303488524649e-05,robust,StabilityState.DEGRADED,-0.003339115923488345,0.07475433836364775,0.07342347597122156,1770136133.881089
356,0.9814274311065674,0.9482488763994991,2.175000000015359e-05,2.153642790822791e-05,robust,StabilityState.DEGRADED,0.008294638676767163,0.07501863694000299,0.01859431889343277,1770136133.8820071
357,0.9483051896095276,0.9482601390415049,2.1584000000629544e-05,2.1545942326708236e-05,robust,StabilityState.DEGRADED,1.1262642005793744e-05,0.010316245315552308,0.05171639439047304,1770136133.882947
358,0.9195332527160645,0.9425147617764168,2.120799999971723e-05,2.1478353861310036e-05,robust,StabilityState.DEGRADED,-0.005745377265088059,0.11683060918026733,0.08048795528393526,1770136133.8842418
359,0.9557521939277649,0.9451622482066864,2.1625000000469186e-05,2.1507683089141867e-05,robust,StabilityState.DEGRADED,0.0026474864302695744,0.024603472877503307,0.04426943107223558,1770136133.885154
360,0.9846099615097046,0.9530517908672901,2.1124999999955207e-05,2.1431146471304536e-05,robust,StabilityState.DEGRADED,0.00788954266060371,0.03610723015631123,0.015411163490295365,1770136133.8864472
361,0.9964118599891663,0.9617238046916654,2.1291000000367433e-05,2.140311717711712e-05,robust,StabilityState.DEGRADED,0.008672013824375324,0.01834574243182363,0.0036094310108341077,1770136133.8873641
362,0.9971342086791992,0.9688058854891721,2.141700000013458e-05,2.140589374172061e-05,robust,StabilityState.DEGRADED,0.007082080797506718,0.0051423003351134255,0.002887208320800916,1770136133.8882802
363,0.9995588660240173,0.9749564815961412,2.1042000000193184e-05,2.1333114993415127e-05,robust,StabilityState.DEGRADED,0.006150596106969108,0.0001849470523680452,0.0004621759759828592,1770136133.88919
364,1.0,0.9799651852769131,2.1333000000289815e-05,2.133309199479007e-05,robust,StabilityState.DEGRADED,0.0050087036807718865,2.2917000000788335e-05,2.1333000000289815e-05,1770136133.8904881
365,1.0,0.9839721482215305,2.1540999999736243e-05,2.1374673595779302e-05,robust,StabilityState.DEGRADED,0.004006962944617332,2.379199999946735e-05,2.1540999999736243e-05,1770136133.891408
366,1.0,0.9871777185772244,2.1541999999818984e-05,2.140813887658724e-05,robust,StabilityState.DEGRADED,0.0032055703556939097,2.3124999999346585e-05,2.1541999999818984e-05,1770136133.8923252
367,0.9995301365852356,0.9896482021788267,2.1667000000391567e-05,2.145991110134811e-05,robust,StabilityState.DEGRADED,0.0024704836016022913,0.0019037837984008377,0.0004915304147647959,1770136133.893236
368,0.9971532225608826,0.9911492062552378,2.1291000000367433e-05,2.1426128881151978e-05,robust,StabilityState.DEGRADED,0.0015010040764111832,0.008932093440642497,0.002868068439117799,1770136133.894173
369,0.9921483397483826,0.9913490329538669,2.1124999999955207e-05,2.1365903104912626e-05,robust,StabilityState.DEGRADED,0.00019982669862905755,0.01976678255862474,0.007872785251617387,1770136133.895085
370,0.9826573729515076,0.9896107009533951,2.170899999942577e-05,2.1434522483815258e-05,robust,StabilityState.DEGRADED,-0.0017383320004717984,0.006916026935760655,0.017364336048491857,1770136133.895999
371,0.9694396257400513,0.9855764859107263,2.175000000015359e-05,2.1497617987082925e-05,robust,StabilityState.DEGRADED,-0.004034215042668765,0.03603896400088491,0.030582124259948884,1770136133.896907
372,0.9601082801818848,0.9804828447649581,2.145799999997422e-05,2.1489694389661186e-05,robust,StabilityState.DEGRADED,-0.005093641145768268,0.0930303087539679,0.03991317781811521,1770136133.897821
373,0.8315225839614868,0.9506907926042639,2.170799999934303e-05,2.1533355511597556e-05,robust,StabilityState.DEGRADED,-0.029792052160694138,0.08861370618075615,0.16849912403851253,1770136133.898732
374,0.9477046728134155,0.9500935686460943,2.1333000000289815e-05,2.1493284409336006e-05,robust,StabilityState.DEGRADED,-0.0005972239581696348,0.05058529295367453,0.05231666018658476,1770136133.899662
375,0.9778550267219543,0.9556458602612663,2.1292000000450173e-05,2.145302752755884e-05,robust,StabilityState.DEGRADED,0.005552291615172011,0.22490967464465417,0.022166265278046104,1770136133.9005802
376,0.9152456521987915,0.9475658186487714,2.1290999999479254e-05,2.1420622021942927e-05,robust,StabilityState.DEGRADED,-0.00808004161249487,0.06199513547515867,0.08477563880120798,1770136133.9014988
377,0.9015662670135498,0.9383659083217272,2.1624999999581007e-05,2.1461497617470545e-05,robust,StabilityState.DEGRADED,-0.009199910327044258,0.0664753057857661,0.09845535798644978,1770136133.902407
378,0.9585144519805908,0.9423956170535,2.1624999999581007e-05,2.149419809389264e-05,robust,StabilityState.DEGRADED,0.004029708731772774,0.13618232419949372,0.04150717301940876,1770136133.903324
379,0.9100310802459717,0.9359227096919943,2.145799999997422e-05,2.1486958475108957e-05,robust,StabilityState.DEGRADED,-0.006472907361505631,0.08175899731082126,0.0899903777540283,1770136133.904247
380,0.9356326460838318,0.9358646969703619,2.170799999934303e-05,2.1531166779955773e-05,robust,StabilityState.DEGRADED,-5.8012721632416664e-05,0.03461866252517787,0.06438906191616756,1770136133.905163
381,0.9886158108711243,0.9464149197505145,2.2957999999739798e-05,2.181653342391258e-05,robust,StabilityState.DEGRADED,0.010550222780152607,0.008259687187194942,0.011407147128875472,1770136133.90611
382,0.996943473815918,0.9565206305635952,2.1916999999760378e-05,2.183662673908214e-05,robust,StabilityState.DEGRADED,0.010105710813080648,0.01424534728985627,0.0030784431840817916,1770136133.90705
383,0.9980211853981018,0.9648207415304966,2.2582999999798403e-05,2.1985901391225394e-05,robust,StabilityState.DEGRADED,0.00830011096690142,0.0010700979576112601,0.0020013976018979918,1770136133.907985
384,0.999911367893219,0.9718388668030411,2.1625000000469186e-05,2.1913721113074152e-05,robust,StabilityState.DEGRADED,0.007018125272544529,0.00018780561029085874,0.00011025710678147504,1770136133.909315
385,0.9999848008155823,0.9774680536055493,2.1624999999581007e-05,2.1855976890375525e-05,robust,StabilityState.DEGRADED,0.005629186802508235,3.1147231688954946e-05,3.6824184417305617e-05,1770136133.9102368
386,0.9997768402099609,0.9819298109264317,2.170800000023121e-05,2.182638151234666e-05,robust,StabilityState.DEGRADED,0.004461757320882387,0.00023554314004492483,0.0002448677900392937,1770136133.911155
387,0.9993146061897278,0.985406769979091,2.1291000000367433e-05,2.171930520995082e-05,robust,StabilityState.DEGRADED,0.003476959052659323,0.0012314001728217505,0.0007066848102725842,1770136133.9121192
388,0.9973684549331665,0.9877991069699061,2.141700000013458e-05,2.1658844167987573e-05,robust,StabilityState.DEGRADED,0.0023923369908150915,0.007803170887176414,0.0026529620668336307,1770136133.913037
389,0.9884579181671143,0.9879308692093478,2.141700000013458e-05,2.1610475334416974e-05,robust,StabilityState.DEGRADED,0.00013176223944166843,0.03478312911224357,0.011563498832885877,1770136133.913951
390,0.9841782450675964,0.9871803443809977,2.1792000000075973e-05,2.1646780267548773e-05,robust,StabilityState.DEGRADED,-0.0007505248283501409,0.06597648732757566,0.01584354693240364,1770136133.9148679
391,0.9403049349784851,0.9778052625004953,2.1624999999581007e-05,2.164242421395522e-05,robust,StabilityState.DEGRADED,-0.0093750818805024,0.025971030265807826,0.059716690021514474,1770136133.915783
392,0.9641582369804382,0.975075857396484,2.1375000000212196e-05,2.1588939371206615e-05,robust,StabilityState.DEGRADED,-0.0027294051040113176,0.046673505512420554,0.03586313801956198,1770136133.9166899
393,0.9315236806869507,0.9663654220545774,2.1624999999581007e-05,2.1596151496881495e-05,robust,StabilityState.DEGRADED,-0.00871043534190652,0.06966187170010407,0.0684979443130489,1770136133.917602
394,0.9136725664138794,0.9558268509264379,2.1292000000450173e-05,2.1535321197595234e-05,robust,StabilityState.DEGRADED,-0.010538571128139496,0.24281141063327016,0.08634872558612106,1770136133.9185212
395,0.9409030675888062,0.9528420942589116,2.1583000000546804e-05,2.1544856958185548e-05,robust,StabilityState.DEGRADED,-0.0029847566675262893,0.06306568268603474,0.059118515411194394,1770136133.919429
396,0.9718529582023621,0.9566442670476017,2.141700000013458e-05,2.1519285566575356e-05,robust,StabilityState.DEGRADED,0.0038021727886901058,0.07849147238177512,0.028168458797638074,1770136133.9203358
397,0.9259368777275085,0.9505027891835831,2.1792000000075973e-05,2.157382845327548e-05,robust,StabilityState.DEGRADED,-0.006141477864018641,0.07728059220922834,0.07408491427249153,1770136133.921252
398,0.9520795345306396,0.9508181382529945,2.175000000015359e-05,2.16090627626511e-05,robust,StabilityState.DEGRADED,0.00031534906941144136,0.1840316755369269,0.047942215469360505,1770136133.922166
399,0.9648133516311646,0.9536171809286286,2.1667000000391567e-05,2.1620650210199196e-05,robust,StabilityState.DEGRADED,0.0027990426756340225,0.1093053089866638,0.03520831536883584,1770136133.923081
400,0.9281137585639954,0.948516496455702,2.1666000000308827e-05,2.1629720168221125e-05,robust,StabilityState.DEGRADED,-0.005100684472926553,0.281257455001648,0.07190790743600495,1770136133.9239838
401,0.8671051859855652,0.9322342343616747,2.175000000015359e-05,2.1653776134607617e-05,robust,StabilityState.DEGRADED,-0.016282262094027278,0.17141476174945058,0.13291656401443497,1770136133.924897
402,0.8936871290206909,0.924524813293478,2.141700000013458e-05,2.160642090771301e-05,robust,StabilityState.DEGRADED,-0.00770942106819672,0.2708861042060855,0.10633428797930922,1770136133.925798
403,0.8798177242279053,0.9155833954803635,2.1667000000391567e-05,2.1618536726248724e-05,robust,StabilityState.DEGRADED,-0.008941417813114527,0.14710588307534778,0.12020394277209512,1770136133.9267032
404,0.9326603412628174,0.9189987846368544,2.175000000015359e-05,2.1644829381029697e-05,robust,StabilityState.DEGRADED,0.0034153891564908667,0.521494530815307,0.06736140873718277,1770136133.927605
405,0.9625468850135803,0.9277084047121996,2.170800000023121e-05,2.1657463504870003e-05,robust,StabilityState.DEGRADED,0.008709620075345259,0.40149723744201626,0.03747482298641991,1770136133.928509
406,0.8759000897407532,0.9173467417179104,2.1167000000765768e-05,2.1559370804049156e-05,robust,StabilityState.DEGRADED,-0.0103616629942892,0.23602647610455296,0.12412107725924759,1770136133.929413
407,0.9439373016357422,0.9226648537014768,2.1541000000624422e-05,2.155569664336421e-05,robust,StabilityState.DEGRADED,0.005318111983566354,0.2699880712093199,0.05608423936425844,1770136133.930327
408,0.9728073477745056,0.9326933525160827,2.1541999999818984e-05,2.1552957314655167e-05,robust,StabilityState.DEGRADED,0.01002849881460588,0.2166598669473574,0.027214194225494204,1770136133.931267
409,0.8754651546478271,0.9212477129424316,2.1583000000546804e-05,2.1558965851833495e-05,robust,StabilityState.DEGRADED,-0.011445639573651079,0.03028029645520025,0.1245564283521734,1770136133.932178
410,0.9196583032608032,0.920929831006106,2.166699999950339e-05,2.1580572681367477e-05,robust,StabilityState.DEGRADED,-0.00031788193632553696,0.027398763717468633,0.08036336373919628,1770136133.933096
411,0.9597522020339966,0.9286943052116842,2.1458999999168782e-05,2.1556258144927738e-05,robust,StabilityState.DEGRADED,0.007764474205578131,0.06677759814871198,0.04026925696600259,1770136133.93401
412,0.8947874307632446,0.9219129303219963,2.166599999942065e-05,2.157820651582632e-05,robust,StabilityState.DEGRADED,-0.006781374889687886,0.21592888137454302,0.10523423523675479,1770136133.934925
413,0.9449211359024048,0.926514571438078,2.170800000023121e-05,2.1604165212707296e-05,robust,StabilityState.DEGRADED,0.004601641116081745,0.1335575562250062,0.055100572097595446,1770136133.939748
414,0.9728156924247742,0.9357747956354173,2.6833999999809066e-05,2.265013217012765e-05,robust,StabilityState.DEGRADED,0.009260224197339295,0.10586119819296336,0.02721114157522564,1770136133.940673
415,0.8261877298355103,0.9138573824754359,2.1499999999896602e-05,2.2420105736081443e-05,robust,StabilityState.DEGRADED,-0.021917413159981414,0.07437519877642806,0.17383377016448964,1770136133.941582
416,0.8180391788482666,0.894693741750002,2.145900000005696e-05,2.2227884588876547e-05,robust,StabilityState.DEGRADED,-0.01916364072543386,0.21904452278482012,0.18198228015173346,1770136133.942493
417,0.8976220488548279,0.8952794031709673,2.175000000015359e-05,2.2132307671131957e-05,robust,StabilityState.DEGRADED,0.0005856614209652777,0.12565989323406956,0.10239970114517227,1770136133.9434052
418,0.9286309480667114,0.9019497121501162,2.1582999999658625e-05,2.2022446136837292e-05,robust,StabilityState.DEGRADED,0.006670308979148887,0.13409555979519716,0.07139063493328823,1770136133.944316
419,0.9111145734786987,0.9037826844158328,2.125000000052779e-05,2.1867956909575395e-05,robust,StabilityState.DEGRADED,0.0018329722657165481,0.047519110817138,0.0889066765213018,1770136133.945226
420,0.9747171998023987,0.9179695874931459,2.145799999997422e-05,2.178596552765516e-05,robust,StabilityState.DEGRADED,0.014186903077313184,0.06529775742358357,0.025304258197601293,1770136133.946143
421,0.9733496308326721,0.9290455961610512,2.1624999999581007e-05,2.175377242204033e-05,robust,StabilityState.DEGRADED,0.011076008667905257,0.03571273473358172,0.026671994167327462,1770136133.947058
422,0.9960079193115234,0.9424380607911457,2.170799999934303e-05,2.1744617937500872e-05,robust,StabilityState.DEGRADED,0.01339246463009447,0.02355950910568172,0.0040137886884759055,1770136133.947972
423,0.9963999390602112,0.9532304364449589,2.145799999997422e-05,2.1687294349995544e-05,robust,StabilityState.DEGRADED,0.010792375653813191,0.005054979298003914,0.0036215189397887926,1770136133.948883
424,0.9984217286109924,0.9622686948781657,2.1625000000469186e-05,2.1674835480090272e-05,robust,StabilityState.DEGRADED,0.009038258433206825,0.0023123128011777183,0.0015998963890080375,1770136133.949802
425,0.999250054359436,0.9696649667744198,2.1582999999658625e-05,2.1656468384003943e-05,robust,StabilityState.DEGRADED,0.007396271896254136,0.0006756474649352029,0.0007715286405636235,1770136133.950745
426,0.9990208745002747,0.9755361483195909,2.141700000013458e-05,2.1608574707230072e-05,robust,StabilityState.DEGRADED,0.005871181545171078,0.002862207881744183,0.0010005424997254764,1770136133.952074
427,0.9971616864204407,0.9798612559397609,2.175000000015359e-05,2.1636859765814777e-05,robust,StabilityState.DEGRADED,0.004325107620170021,0.003088830299377676,0.0028600635795594798,1770136133.952991
428,0.9955496788024902,0.9829989405123069,2.145900000005696e-05,2.1601287812663214e-05,robust,StabilityState.DEGRADED,0.003137684572545929,0.018929020904174365,0.004471780197509823,1770136133.953908
429,0.9871724843978882,0.9838336492894231,2.1499999999896602e-05,2.1581030250109894e-05,robust,StabilityState.DEGRADED,0.000834708777116222,0.05999066648065199,0.012849015602111713,1770136133.95521
430,0.9750616550445557,0.9820792504404496,2.1625000000469186e-05,2.1589824200181753e-05,robust,StabilityState.DEGRADED,-0.0017543988489734375,0.07709615104293821,0.024959969955444805,1770136133.9561238
431,0.9356144666671753,0.9727862936857947,2.1667000000391567e-05,2.1605259360223718e-05,robust,StabilityState.DEGRADED,-0.009292956754654913,0.07642961569577089,0.0644072003328251,1770136133.957033
432,0.9445854425430298,0.9671461234572418,2.1584000000629544e-05,2.1601007488304883e-05,robust,StabilityState.DEGRADED,-0.005640170228552899,0.14013205038089005,0.055436141456970844,1770136133.958337
433,0.9260557889938354,0.9589280565645606,2.1499999999896602e-05,2.1580805990623228e-05,robust,StabilityState.DEGRADED,-0.00821806689268123,0.08119918492889422,0.07396571100616445,1770136133.959253
434,0.928981363773346,0.9529387180063178,2.1916999999760378e-05,2.164804479245066e-05,robust,StabilityState.DEGRADED,-0.005989338558242796,0.10237408226431288,0.07104055322665381,1770136133.964048
435,0.8527048230171204,0.9328919390084783,2.141700000013458e-05,2.1601835833987443e-05,robust,StabilityState.DEGRADED,-0.020046778997839465,0.25317103791845685,0.14731659398287977,1770136133.9649642
436,0.8846164345741272,0.9232368381216081,2.1667000000391567e-05,2.161486866726827e-05,robust,StabilityState.DEGRADED,-0.009655100886870271,0.3396502309533993,0.1154052324258732,1770136133.965903
437,0.832331120967865,0.9050556946908596,2.1624999999581007e-05,2.1616894933730818e-05,robust,StabilityState.DEGRADED,-0.018181143430748503,0.07753934176290844,0.1676905040321346,1770136133.96682
438,0.8966469168663025,0.9033739391259482,2.145799999997422e-05,2.15851159469795e-05,robust,StabilityState.DEGRADED,-0.001681755564911347,0.049050448955353154,0.10337454113369748,1770136133.967732
439,0.9773772358894348,0.9181745984786456,2.166699999950339e-05,2.160149275748428e-05,robust,StabilityState.DEGRADED,0.014800659352697365,0.15999867687988267,0.02264443111056469,1770136133.9690309
440,0.9381143450737,0.9221625477976565,2.1624999999581007e-05,2.1606194205903627e-05,robust,StabilityState.DEGRADED,0.003987949319010919,0.05594482919329913,0.06190727992629963,1770136133.9699469
441,0.9882187247276306,0.9353737831836514,2.1375000000212196e-05,2.155995536476534e-05,robust,StabilityState.DEGRADED,0.01321123538599489,0.03549203078042584,0.011802650272369597,1770136133.9712472
442,0.9904728531837463,0.9463935971836704,2.1541999999818984e-05,2.1556364291776068e-05,robust,StabilityState.DEGRADED,0.011019814000019057,0.031521712810516966,0.009548688816253481,1770136133.97216
443,0.9983512759208679,0.95678513293111,2.1874999999837996e-05,2.1620091433388455e-05,robust,StabilityState.DEGRADED,0.010391535747439562,0.004452871013641335,0.001670599079131918,1770136133.973074
444,0.9987481832504272,0.9651777429949735,2.166699999950339e-05,2.1629473146611442e-05,robust,StabilityState.DEGRADED,0.008392610063863493,0.0038676306112366277,0.0012734837495722573,1770136133.97405
445,0.9989151954650879,0.9719252334889965,2.145799999997422e-05,2.1595178517284e-05,robust,StabilityState.DEGRADED,0.006747490494023012,0.0036616193542480246,0.0011062625349120836,1770136133.974964
446,0.9981051683425903,0.9771612204597153,2.3374999999603574e-05,2.1951142813747916e-05,robust,StabilityState.DEGRADED,0.005235986970718809,0.0016725525209357883,0.0019182066574092715,1770136133.975897
447,0.9961566925048828,0.9809603148687489,2.145900000005696e-05,2.1852714251009727e-05,robust,StabilityState.DEGRADED,0.0037990944090335876,0.017392651580444785,0.0038647664951172445,1770136133.976815
448,0.9978238344192505,0.9843330187788493,2.1540999999736243e-05,2.1790371400755033e-05,robust,StabilityState.DEGRADED,0.003372703910100361,0.03218420562326063,0.002197706580749248,1770136133.9777238
449,0.9671767950057983,0.9809017740242392,2.1625000000469186e-05,2.1757297120697866e-05,robust,StabilityState.DEGRADED,-0.0034312447546100966,0.011476127307525452,0.03284482999420213,1770136133.9786382
450,0.947063148021698,0.974134048823731,2.1499999999896602e-05,2.1705837696537614e-05,robust,StabilityState.DEGRADED,-0.006767725200508168,0.11919069732266241,0.0529583519783019,1770136133.97955
451,0.9528377652168274,0.9698747921023503,2.1624999999581007e-05,2.1689670157146294e-05,robust,StabilityState.DEGRADED,-0.004259256721380722,0.10677961018753113,0.04718385978317219,1770136133.9804668
452,0.8313186168670654,0.9421635570552934,2.745799999992471e-05,2.284333612570198e-05,robust,StabilityState.DEGRADED,-0.02771123504705686,0.15544093097286993,0.1687088411329345,1770136133.9814231
453,0.8423186540603638,0.9221945764563075,2.1291000000367433e-05,2.2532868900635074e-05,robust,StabilityState.DEGRADED,-0.019968980598985886,0.08216506105786081,0.1577026369396366,1770136133.982359
454,0.9534001350402832,0.9284356881731027,2.145799999997422e-05,2.2317895120502903e-05,robust,StabilityState.DEGRADED,0.0062411117167952,0.06574001809710683,0.04662132295971677,1770136133.987144
455,0.9447588324546814,0.9317003170294185,2.1625000000469186e-05,2.2179316096496162e-05,robust,StabilityState.DEGRADED,0.003264628856315732,0.086479506828125,0.05526279254531907,1770136133.9880562
456,0.8889833688735962,0.9231569273982541,2.1499999999896602e-05,2.2043452877176253e-05,robust,StabilityState.DEGRADED,-0.00854338963116441,0.11946934424627642,0.1110381311264037,1770136133.988996
457,0.9447031617164612,0.9274661742618956,2.1290999999479254e-05,2.1892962301636853e-05,robust,StabilityState.DEGRADED,0.004309246863641536,0.20411450089645378,0.0553181292835383,1770136133.9899268
458,0.8504599332809448,0.9120649260657054,2.1332999999401636e-05,2.178096984118981e-05,robust,StabilityState.DEGRADED,-0.015401248196190154,0.13005134218215897,0.14956139971905458,1770136133.990855
459,0.9013338088989258,0.9099187026323495,2.170800000023121e-05,2.1766375872998092e-05,robust,StabilityState.DEGRADED,-0.0021462234333559094,0.09446328718185448,0.09868789910107445,1770136133.991796
460,0.973358690738678,0.9226067002536154,2.1249999999639613e-05,2.1663100698326396e-05,robust,StabilityState.DEGRADED,0.012687997621265823,0.0774559432834474,0.02666255926132166,1770136133.9927082
461,0.9800478219985962,0.9340949246026116,2.1249999999639613e-05,2.158048055858904e-05,robust,StabilityState.DEGRADED,0.011488224348996212,0.03626778523217755,0.019973428001403448,1770136133.993623
462,0.9799694418907166,0.9432698280602326,2.141700000013458e-05,2.1547784446898147e-05,robust,StabilityState.DEGRADED,0.009174903457621064,0.06031771816653464,0.020051975109283582,1770136133.994528
463,0.9969421625137329,0.9540042949509328,2.1624999999581007e-05,2.156322755743472e-05,robust,StabilityState.DEGRADED,0.010734466890700123,0.0060851615829466965,0.003079462486266671,1770136133.995442
464,0.9966025948524475,0.9625239549312358,2.145799999997422e-05,2.1542182045942622e-05,robust,StabilityState.DEGRADED,0.008519659980303018,0.004849271087463691,0.0034188631475524645,1770136133.996379
465,0.9918752312660217,0.968394210198193,2.1625000000469186e-05,2.1558745636847936e-05,robust,StabilityState.DEGRADED,0.0058702552669572805,0.0023515092620849387,0.00814639373397874,1770136133.9973178
466,0.9975935816764832,0.9742340844938511,2.1541999999818984e-05,2.1555396509442148e-05,robust,StabilityState.DEGRADED,0.005839874295658021,0.001762520557769598,0.0024279603235166647,1770136133.99823
467,0.9948287606239319,0.9783530197198673,2.1499999999896602e-05,2.154431720753304e-05,robust,StabilityState.DEGRADED,0.0041189352260162515,0.01470295075244099,0.005192739376068012,1770136133.9991639
468,0.9877979159355164,0.9802419989629972,2.1625000000469186e-05,2.156045376612027e-05,robust,StabilityState.DEGRADED,0.001888979243129918,0.08737056831396472,0.012223709064484112,1770136134.000078
469,0.9714046120643616,0.9784745215832702,2.1541999999818984e-05,2.1556763012860016e-05,robust,StabilityState.DEGRADED,-0.0017674773797270449,0.07319795246124272,0.028616929935638247,1770136134.0009909
470,0.9845477938652039,0.9796891760396569,2.120799999971723e-05,2.148701041023146e-05,robust,StabilityState.DEGRADED,0.001214654456386688,0.07665300232296701,0.01547341413479586,1770136134.001905
471,0.9030764698982239,0.9643666348113704,2.1499999999896602e-05,2.148960832816449e-05,robust,StabilityState.DEGRADED,-0.015322541228286468,0.04822229599761929,0.09694503010177602,1770136134.0028381
472,0.8769900798797607,0.9468913238250486,2.1292000000450173e-05,2.1450086662621628e-05,robust,StabilityState.DEGRADED,-0.017475310986321824,0.17596445570373564,0.12303121212023971,1770136134.0037482
473,0.9162896871566772,0.9407709964913744,2.116599999979485e-05,2.1393269330056274e-05,robust,StabilityState.DEGRADED,-0.00612032733367418,0.049206691101440825,0.08373147884332255,1770136134.004674
474,0.8505786061286926,0.9227325184188382,2.1625000000469186e-05,2.1439615464138857e-05,robust,StabilityState.DEGRADED,-0.018038478072536224,0.29349834848059064,0.14944301887130784,1770136134.0056288
475,0.9507032036781311,0.9283266554706968,2.1584000000629544e-05,2.1468492371436996e-05,robust,StabilityState.DEGRADED,0.0055941370518586275,0.21626594587326053,0.049318380321869526,1770136134.006539
476,0.7737990617752075,0.8974211367315991,2.1667000000391567e-05,2.1508193897227912e-05,robust,StabilityState.DEGRADED,-0.030905518739097748,0.2747437097927241,0.22622260522479287,1770136134.0074508
477,0.9117817282676697,0.9002932550388133,2.1624999999581007e-05,2.153155511769853e-05,robust,StabilityState.DEGRADED,0.002872118307214233,0.38951859381866427,0.0882398967323299,1770136134.008362
478,0.8886194229125977,0.8979584886135702,2.145799999997422e-05,2.151684409415367e-05,robust,StabilityState.DEGRADED,-0.0023347664252431066,0.10838693922460951,0.11140203508740232,1770136134.00966
479,0.9275251626968384,0.9038718234302239,2.1375000000212196e-05,2.1488475275365374e-05,robust,StabilityState.DEGRADED,0.0059133348166536814,0.13108051265316778,0.07249621230316183,1770136134.01057
480,0.9022539258003235,0.9035482439042439,2.120799999971723e-05,2.1432380220235746e-05,robust,StabilityState.DEGRADED,-0.00032357952597994455,0.05430574246197484,0.09776728219967623,1770136134.011488
481,0.9721996188163757,0.9172785188866703,2.1625000000469186e-05,2.1470904176282436e-05,robust,StabilityState.DEGRADED,0.013730274982426405,0.0489957796821594,0.027822006183624737,1770136134.0124302
482,0.9842151999473572,0.9306658550988078,2.1333000000289815e-05,2.1443323341083913e-05,robust,StabilityState.DEGRADED,0.013387336212137502,0.012580732165924147,0.015806133052643112,1770136134.0137331
483,0.9959275722503662,0.9437181985291195,2.1416000000051838e-05,2.14378586728775e-05,robust,StabilityState.DEGRADED,0.013052343430311697,0.01849600574130239,0.004093843749633841,1770136134.0150468
484,0.998316764831543,0.9546379117896042,2.2042000000332962e-05,2.1558686938368594e-05,robust,StabilityState.DEGRADED,0.010919713260484687,0.0058317052612304465,0.0017052771684573642,1770136134.015968
485,0.9964063763618469,0.9629916047040528,2.1874999999837996e-05,2.1621949550662476e-05,robust,StabilityState.DEGRADED,0.00835369291444854,0.010048466274444223,0.003615498638152914,1770136134.01691
486,0.9932727813720703,0.9690478400376563,2.150000000078478e-05,2.159755964068694e-05,robust,StabilityState.DEGRADED,0.006056235333603555,0.008821498871032674,0.006748718627930472,1770136134.017826
487,0.9873260259628296,0.972703477222691,2.145900000005696e-05,2.1569847712560944e-05,robust,StabilityState.DEGRADED,0.003655637185034699,0.017352269817352273,0.012695433037170467,1770136134.018741
488,0.9844889044761658,0.975060562673386,2.1375000000212196e-05,2.1530878170091196e-05,robust,StabilityState.DEGRADED,0.002357085450695018,0.0190379839855348,0.01553247052383444,1770136134.020053
489,0.9563217759132385,0.9713128053213566,2.1416000000051838e-05,2.1507902536083324e-05,robust,StabilityState.DEGRADED,-0.0037477573520294793,0.03417705434017915,0.043699640086761526,1770136134.0210052
490,0.9573206901550293,0.9685143822880911,2.2165999999934627e-05,2.1639522028853586e-05,robust,StabilityState.DEGRADED,-0.002798423033265496,0.15217020430011008,0.04270147584497064,1770136134.022322
491,0.9570278525352478,0.9662170763375224,2.1499999999896602e-05,2.161161762306219e-05,robust,StabilityState.DEGRADED,-0.002297305950568651,0.0884999136581417,0.042993647464752094,1770136134.023637
492,0.9061058759689331,0.9541948362638046,2.145900000005696e-05,2.1581094098461145e-05,robust,StabilityState.DEGRADED,-0.012022240073717771,0.1621885997846677,0.09391558303106695,1770136134.024544
493,0.9826538562774658,0.9598866402665369,2.1124999999955207e-05,2.148987527875996e-05,robust,StabilityState.DEGRADED,0.005691804002732281,0.21867429494076518,0.017367268722534135,1770136134.0254562
494,0.8464879989624023,0.93720691200571,2.1584000000629544e-05,2.150870022313388e-05,robust,StabilityState.DEGRADED,-0.02267972826082687,0.37801764498138457,0.15353358503759829,1770136134.026368
495,0.9234341382980347,0.9344523572641751,2.1375000000212196e-05,2.1481960178549544e-05,robust,StabilityState.DEGRADED,-0.0027545547415349647,0.08410352910595709,0.07658723670196554,1770136134.027306
496,0.8930057883262634,0.9261630434765928,2.125000000052779e-05,2.1435568142945193e-05,robust,StabilityState.DEGRADED,-0.008289313787582242,0.18586764799136368,0.1070154616737371,1770136134.028223
497,0.8869664669036865,0.9183237281620116,2.1541999999818984e-05,2.1456854514319953e-05,robust,StabilityState.DEGRADED,-0.007839315314581263,0.07720940565872247,0.1130550750963133,1770136134.029202
498,0.8790302276611328,0.9104650280618358,2.125000000052779e-05,2.141548361156152e-05,robust,StabilityState.DEGRADED,-0.007858700100175753,0.2654706283910828,0.12099102233886772,1770136134.030117
499,0.9285949468612671,0.9140910118217221,2.591700000031949e-05,2.2315786889313114e-05,robust,StabilityState.DEGRADED,0.00362598375988632,0.15901527721786568,0.07143097013873323,1770136134.0311859
